time,close,high,low,open,volumefrom,volumeto,RSI,MFI,UPPERBAND,MIDDLEBAND,LOWERBAND,Accumulation/Distribution Oscillator,Accumulation/Distribution Line (AD)
2015-01-29 05:30:00,9.962857142857141e-06,1.0662857142857143e-05,9.565714285714285e-06,1.0531428571428572e-05,698469.5285714286,0.34449142857142856,,,,,,,
2015-01-31 05:30:00,7.7715e-06,8.2705e-06,7.529e-06,8.103e-06,253607.25649999996,0.2541998,,,,,,,
2015-02-02 05:30:00,0.00015396063291139248,0.00015754987341772155,0.00014666443037974683,0.00015143974683544306,924505.4025316455,1.4807885126582276,,,,,,,
2015-02-04 05:30:00,0.00021745740384615387,0.0002270151923076924,0.0002118978846153847,0.0002197961538461539,1758466.1219230779,3.3419581451923084,,,,,,,
2015-02-06 05:30:00,0.00021829759615384615,0.0002246924038461539,0.0002122632692307692,0.0002173785576923077,1404245.2680769227,2.1246156346153855,,,,,,,
2015-02-08 05:30:00,0.00021708423076923064,0.00022341048076923075,0.00021188307692307674,0.00021892144230769233,1575936.5610576922,2.4187270000000005,,,,,,,
2015-02-10 05:30:00,0.00021776826923076926,0.00022549932692307682,0.00021008173076923086,0.00021723730769230768,1693185.4016346158,3.2132687298076914,,,,,,,
2015-02-12 05:30:00,0.00021520259615384615,0.0002254608653846154,0.00020875307692307687,0.00021599086538461536,868415.3065384615,2.5022620865384626,,,,,,,
2015-02-14 05:30:00,0.000322232358490566,0.00033849811320754713,0.00030295018867924515,0.00032901339622641525,1544520.1339622643,2.4140993018867927,,,,,,,
2015-02-16 05:30:00,0.0003135609345794395,0.0003248153271028041,0.00030136728971962636,0.0003172176635514019,3848814.4709345787,3.337599112149532,,,,,,,
2015-02-18 05:30:00,0.0003124787962962962,0.0003277777777777778,0.0002937823148148148,0.0003061330555555555,3731424.809259259,2.472358842592593,,,,,,,
2015-02-20 05:30:00,0.00030068009259259245,0.0003189891666666666,0.00028043787037037037,0.00031617000000000006,2963209.341388888,2.3868328148148152,,,,,,,
2015-02-22 05:30:00,0.0003037981818181817,0.00031014199999999985,0.00029342999999999974,0.00029998790909090936,4629908.990545454,3.9410991181818202,,,,,,,
2015-02-24 05:30:00,0.00029920294642857157,0.0003093981250000002,0.00028165401785714295,0.00030088169642857157,2966325.502053571,2.173802685714285,,,,,,,
2015-02-26 05:30:00,0.00028599821428571426,0.0003022933035714287,0.0002728847321428572,0.00029107633928571446,1760374.8858035712,3.3627960267857153,,,,,,,
2015-02-28 05:30:00,0.00028129570175438603,0.00029321780701754374,0.00026730561403508777,0.00028090473684210524,5714364.380877196,3.2675235508771934,,,,,,,
2015-03-02 05:30:00,0.0002607785964912281,0.00029148842105263163,0.00024912517543859654,0.00027219675438596493,2098447.3646491226,3.0519332894736855,,,,,,,
2015-03-04 05:30:00,0.00027423429824561396,0.00029298798245614045,0.0002557421929824562,0.0002625301754385965,1639049.1615789472,2.3446295877192993,,,,,,,
2015-03-06 05:30:00,0.00027332771929824566,0.0002934938596491227,0.0002579808771929825,0.00027668105263157887,1214614.2908771923,1.929118754385965,,,,,,,
2015-03-08 05:30:00,0.0002841786842105262,0.0002930018421052631,0.00027348403508771924,0.00028215956140350857,818878.340964912,2.316227219298246,,,,,,,
2015-03-10 05:30:00,0.0002922136842105264,0.00030704403508771927,0.0002749728947368421,0.0002934895614035089,1390605.0150877198,1.5198730789473676,,,,,,,
2015-03-12 05:30:00,0.00027651517241379306,0.000293259568965517,0.0002688760344827586,0.000277908448275862,1697537.5447413796,3.014883155172413,,,,,,,
2015-03-14 05:30:00,0.0002786649999999999,0.0003033812068965516,0.0002661331896551723,0.00027695525862068965,1565108.1139655174,3.35086149137931,,,,,,,
2015-03-16 05:30:00,0.0002805393965517243,0.000297484827586207,0.00027134887931034495,0.0002803638793103448,841907.5907758622,1.6121156034482758,,,,,,,
2015-03-18 05:30:00,0.00027730577586206886,0.0002870502586206895,0.0002660387931034484,0.0002742124999999998,1095245.6574999997,2.2479025948275866,,,,,,,
2015-03-20 05:30:00,0.0002825610344827586,0.000297416724137931,0.0002666210344827587,0.00028379310344827594,770056.2043103446,2.578251077586205,,,,,,,
2015-03-22 05:30:00,0.0002881366379310344,0.00029823189655172423,0.00027281543103448283,0.0002855322413793102,679678.2501724137,3.8126433448275865,,,,,,,
2015-03-24 05:30:00,0.00028287741379310347,0.0003125676724137932,0.00027174715517241395,0.00028688155172413795,917962.3387931031,4.994981381034484,,,,,,,
2015-03-26 05:30:00,0.0002963893965517244,0.0003121450000000001,0.00027209887931034483,0.00028866982758620694,2464694.4233620698,7.670022838793102,,,,,,,
2015-03-28 05:30:00,0.0002901715517241377,0.00030761612068965513,0.00027751982758620697,0.0002937044827586209,646072.8650862068,4.863288094827585,,,,,,,
2015-03-30 05:30:00,0.0005898932203389832,0.000618747118644068,0.0005504054237288139,0.0005912061864406779,908399.8538983049,7.403422279661015,,,,,,,
2015-04-01 05:30:00,0.0005791082203389835,0.00061625186440678,0.000512697118644068,0.0005675414406779659,880083.4861864408,8.403375794067793,,,,,,,
2015-04-03 05:30:00,0.0005779496610169491,0.0006120981355932206,0.0005522352542372881,0.0005943630508474575,505861.97686440666,4.477184110169492,,,,,,,
2015-04-05 05:30:00,0.0005560947457627118,0.0005818961864406779,0.0005323896610169493,0.0005617342372881358,1516955.4711016945,6.497035796610174,,,,,,,
2015-04-07 05:30:00,0.0005344158474576272,0.0005707275423728816,0.0005121726271186439,0.000546382966101695,1063277.8744067794,6.944220395762712,,,,,,,
2015-04-09 05:30:00,0.0005117125423728814,0.0005445091525423729,0.0004937007627118645,0.0005220878813559324,1490948.2373728815,9.278581961864408,,,,,,,
2015-04-11 05:30:00,0.0005094847457627118,0.0005425722881355932,0.0004911581355932204,0.0005134690677966099,1165335.6572881357,4.241121177966099,,,,,,,
2015-04-13 05:30:00,0.0005080538135593221,0.0005257298305084746,0.00048703415254237273,0.0005045328813559322,982206.2108474574,4.583756407627118,,,,,,,
2015-04-15 05:30:00,0.0004972875423728813,0.0005173742372881355,0.00048295991525423734,0.000506835254237288,1795464.5976271185,5.792691186440678,,,,,,,
2015-04-17 05:30:00,0.0004841499999999999,0.0005046184745762713,0.00046818686440677987,0.0004861081355932204,1115261.647457627,4.5667963703389844,,,,,,,
2015-04-19 05:30:00,0.0004700295762711864,0.0004926127966101693,0.0004585306779661018,0.00048335720338983044,840308.2858474578,5.296537649152545,,,,,,,
2015-04-21 05:30:00,0.00047582220338983073,0.0004955074576271188,0.0004506227118644068,0.0004638950847457628,662822.6032203392,3.678194238983051,,,,,,,
2015-04-23 05:30:00,0.0004831745762711867,0.0004831745762711867,0.0004831745762711867,0.0004831745762711867,0.0,0.0,,,,,,,
2015-04-25 05:30:00,0.0005842883333333336,0.0005851216666666668,0.0005816883333333335,0.0005825216666666668,0.16491666666666666,0.0010661666666666667,,,,,,,
2015-04-27 05:30:00,0.0005707763333333332,0.0005984797500000002,0.0005483700833333335,0.0005770128333333336,693533.0480633333,3.8938468658333334,,,,,,,
2015-04-29 05:30:00,0.0006211132520325199,0.0006390286991869918,0.0005844286178861788,0.0006233778861788613,1481947.161544715,4.040390065040651,,,,,,,
2015-05-01 05:30:00,0.0005726159230769232,0.0006667587692307692,0.0005468253846153846,0.0006539480769230769,966371.6653076926,3.269077653846153,,,,,,,
2015-05-03 05:30:00,0.0005545711538461539,0.0005826241538461537,0.0005364543846153846,0.0005552336923076923,998793.1100000003,4.4188520230769255,,,,,,,
2015-05-05 05:30:00,0.0005682700763358781,0.0005871474045801525,0.0005497760305343512,0.0005671857251908396,674080.7768702293,3.4830234198473273,,,,,,,
2015-05-07 05:30:00,0.0005537472727272728,0.000580933484848485,0.0005421475000000002,0.0005661134090909093,756288.3659090904,2.8330950560606074,,,,,,,
2015-05-09 05:30:00,0.0005470231818181817,0.0005686384090909092,0.0005293140151515152,0.0005431823484848487,1610648.4768181818,3.413400876515151,,,,,,,
2015-05-11 05:30:00,0.0005386975757575757,0.0005592483333333333,0.0005259745454545454,0.0005448445454545453,1513441.0634234848,3.0737387575757573,,,,,,,
2015-05-13 05:30:00,0.0005560233333333339,0.0005684014393939393,0.0005349527272727268,0.0005449178030303027,939860.365627273,3.2630649015151527,,,,,,,
2015-05-15 05:30:00,0.0005689511363636365,0.0005946212121212123,0.0005527819696969697,0.0005608453787878786,687444.5036287879,2.6069188984848477,,,,,,,
2015-05-17 05:30:00,0.0005694967424242422,0.0005906514393939395,0.0005548787121212121,0.00057383143939394,1181091.914734848,3.862167924242425,,,,,,,
2015-05-19 05:30:00,0.0005731501503759397,0.0005918153383458648,0.0005519751879699246,0.0005677636842105263,2428816.5974436104,7.863091142857142,,,,,,,
2015-05-21 05:30:00,0.0005732386567164182,0.0005949342537313433,0.0005513024626865674,0.00056513776119403,2053385.4194776118,5.720968261194028,,,,,,,
2015-05-23 05:30:00,0.0005886393283582089,0.0006042969402985073,0.0005752557462686567,0.00058758447761194,2026338.8193522384,5.515508047014927,,,,,,,
2015-05-25 05:30:00,0.0005812479104477612,0.0006168155223880598,0.0005679976119402988,0.0005883329850746269,607424.7164179104,2.9482849850746264,,,,,,,
2015-05-27 05:30:00,0.000589215149253731,0.000615882313432836,0.0005636385074626863,0.0005821841791044779,1938134.9491791048,5.883712514925373,,,,,,,
2015-05-29 05:30:00,0.0005969551111111111,0.0006145556296296298,0.0005795182222222225,0.0005920817777777778,1007840.6938503705,5.51486572222222,,,,,,,
2015-05-31 05:30:00,0.0005832030147058825,0.0006093417647058826,0.0005696594852941181,0.0005843558823529408,1054716.2178676464,3.885205088235293,,,,,,,
2015-06-02 05:30:00,0.0005993849264705882,0.0006133502205882351,0.0005796068382352941,0.0005902369117647058,846640.0784558821,3.7322665955882366,,,,,,,
2015-06-04 05:30:00,0.0006055710294117643,0.0006235902205882349,0.0005814448529411764,0.0006001961029411765,484837.9424264706,3.212155319117647,,,,,,,
2015-06-06 05:30:00,0.0006102832846715329,0.0006215228467153283,0.0005966116058394159,0.0006074851824817514,417182.60686131404,2.4773734306569355,,,,,,,
2015-06-08 05:30:00,0.0006012265000000001,0.0006612873571428575,0.0005864167142857146,0.0006008024285714287,892952.7712857143,4.106315578571429,,,,,,,
2015-06-10 05:30:00,0.0006085364999999999,0.0006292764285714285,0.000576045142857143,0.0006034367142857144,824225.967285714,5.242780314285712,,,,,,,
2015-06-12 05:30:00,0.0006037227857142857,0.0006393983571428574,0.0005887017857142861,0.0006047900714285713,1407233.2777142858,4.97612494285714,,,,,,,
2015-06-14 05:30:00,0.0006149226428571429,0.0006149620714285714,0.0006136500714285715,0.0006137116428571429,6059.567699285714,0.049897035714285706,,,,,,,
2015-06-16 05:30:00,0.0006570682857142861,0.0006986275714285716,0.0006078663571428572,0.0006463678571428572,1026463.5601571426,6.610028605000001,,,,,,,
2015-06-18 05:30:00,0.0006620577857142859,0.0007034622142857148,0.0006333535000000002,0.0006609892857142861,862215.8757142854,5.971258778571426,,,,,,,
2015-06-20 05:30:00,0.0006599677142857143,0.000688133357142857,0.0006389313571428575,0.0006644955000000001,349062.73357142863,4.253957893571426,,,,,,,
2015-06-22 05:30:00,0.0006711435714285716,0.0006930912857142858,0.0006529495000000005,0.0006640559285714289,632072.3555000002,4.6373996642857165,,,,,,,
2015-06-24 05:30:00,0.0006764367857142857,0.0007595314285714285,0.0006590772142857146,0.0006762411428571431,577615.6555714288,4.289928346428568,,,,,,,
2015-06-26 05:30:00,0.0006704112857142854,0.0007066993571428568,0.0006538922142857142,0.0006762382142857143,526862.538635,3.2869826614285715,,,,,,,
2015-06-28 05:30:00,0.000685005857142857,0.0007094723571428573,0.0006492822857142858,0.000667484785714286,670141.7258571428,5.078175228571426,,,,,,,
2015-06-30 05:30:00,0.0007115809285714286,0.0007415802142857145,0.000672874785714286,0.0007005815714285717,693274.6921428572,7.962854254285713,,,,,,,
2015-07-02 05:30:00,0.0007470649285714284,0.0014675258571428566,0.0007041702142857141,0.000731009357142857,685100.7169285716,6.2699099178571425,,,,,,,
2015-07-04 05:30:00,0.0007337248571428577,0.0007814322142857144,0.0007030302142857142,0.0007341622857142857,682848.8565714287,7.337412199285715,,,,,,,
2015-07-06 05:30:00,0.0007822778571428572,0.0008136939999999999,0.000733865857142857,0.0007637913571428572,804287.2839285714,8.264913846428575,,,,,,,
2015-07-08 05:30:00,0.0008659359999999999,0.0008963521428571427,0.0007756073571428572,0.000797834785714286,1197884.6452857142,10.858134114285718,,,,,,,
2015-07-10 05:30:00,0.0007331117857142855,0.0009120193571428568,0.0006721497857142855,0.0008292081428571426,1373036.3525714288,16.730793435714297,,,,,,,
2015-07-12 05:30:00,0.0007592941428571432,0.0008154842142857141,0.0006881470714285717,0.000744982928571428,823510.6702857142,7.212593914285712,,,,,,,
2015-07-14 05:30:00,0.0007454713571428571,0.000799012714285714,0.0007203537857142859,0.0007546604999999999,669934.3385,5.821542002142858,,,,,,,
2015-07-16 05:30:00,0.0007165560000000001,0.0007558226428571426,0.000688518785714286,0.0007217897142857142,1232594.7646428575,5.307069050000001,,,,,,,
2015-07-18 05:30:00,0.0007448832857142859,0.0007770414285714287,0.0007147081428571426,0.0007366065714285713,985705.6631428568,3.318408049999999,,,,,,,
2015-07-20 05:30:00,0.0007703304285714283,0.0008021272857142857,0.0007174634285714287,0.0007424817857142855,884740.6804285715,3.58045495,,,,,,,
2015-07-22 05:30:00,0.000744526642857143,0.0007808407857142856,0.000709860857142857,0.0007455537142857139,922037.172071429,3.3043089207142864,,,,,,,
2015-07-24 05:30:00,0.0007822155714285713,0.0008192678571428568,0.0007404149285714287,0.0007702510000000001,773670.1687857142,4.13239725,,,,,,,
2015-07-26 05:30:00,0.000786130357142857,0.0008091699999999997,0.0007528680714285718,0.0007825616428571425,748359.7124285715,3.627744878571429,,,,,,,
2015-07-28 05:30:00,0.0007965707142857143,0.0008228521428571425,0.000766936357142857,0.0007888853571428571,797605.5432142855,3.608901508571428,,,,,,,
2015-07-30 05:30:00,0.0007981487142857143,0.0008243545714285713,0.0007675330714285714,0.0008038257857142858,579103.4258421427,3.1417986214285727,,,,,,,
2015-08-01 05:30:00,0.0008011649285714287,0.0008318707857142859,0.0007458890714285712,0.0007972085714285712,916953.1607142857,3.3094889285714304,,,,,,,
2015-08-03 05:30:00,0.0008171552482269504,0.0008631650354609929,0.0007731530496453901,0.0008130774468085105,1014915.2593617025,4.407226453900709,,,,,,,
2015-08-05 05:30:00,0.0008035595138888887,0.0008549689583333335,0.0007758475694444442,0.0008106475694444445,923899.585486111,3.316855680555555,,,,,,,
2015-08-07 05:30:00,0.0007888877702702705,0.0008180358783783781,0.0007497445270270266,0.0007891196621621621,622773.6995270271,3.6003795337837845,,,,,,,
2015-08-09 05:30:00,0.0007933843243243242,0.0008377690540540533,0.0007656991891891892,0.0007910140540540538,1120668.5969964797,3.590328485945946,,,,,,,
2015-08-11 05:30:00,0.0007806308108108108,0.0008388656081081083,0.0007560745270270274,0.0007869025675675675,1106416.850608108,4.682940729729729,,,,,,,
2015-08-13 05:30:00,0.0008330591946308725,0.000887941342281879,0.0007981360402684564,0.0008440822147651008,517687.2999999998,3.150705194630872,,,,,,,
2015-08-15 05:30:00,0.0008535914666666666,0.0009041502666666663,0.0008152366666666666,0.0008746716666666661,626023.2926666668,3.3053977366666674,,,,,,,
2015-08-17 05:30:00,0.0008084704666666668,0.0008668859999999997,0.0007763396666666667,0.0008235390666666663,628897.6041333334,4.099183493333333,,,,,,,
2015-08-19 05:30:00,0.0008227782666666666,0.0008720650666666666,0.0007672926666666669,0.0008061883999999999,794678.7323333332,4.297685422666666,,,,,,,
2015-08-21 05:30:00,0.0008160058,0.0008681446,0.0007966427333333334,0.0008401428666666668,561747.1414666667,3.380319375333331,,,,,,,
2015-08-23 05:30:00,0.0007637856953642383,0.0008320827814569532,0.0007371709271523178,0.0008027120529801325,585445.0752317882,4.554346843046356,,,,,,,
2015-08-25 05:30:00,0.0006847365789473685,0.0007441846710526317,0.0006345300000000001,0.0007158236842105262,1173623.7255921047,7.20849175,,,,,,,
2015-08-27 05:30:00,0.0006725040789473689,0.0007020549342105262,0.0006440182894736841,0.00067156125,683394.2092105267,5.402438827631579,,,,,,,
2015-08-29 05:30:00,0.0006771506578947366,0.0006927636184210525,0.0006645307236842106,0.0006781889473684212,303096.7375421053,2.587556079605263,,,,,,,
2015-08-31 05:30:00,0.0006803613157894734,0.0007024993421052632,0.0006596910526315789,0.000679290394736842,965679.7972368421,3.9031827368421044,,,,,,,
2015-09-02 05:30:00,0.000671262434210526,0.0006984380263157896,0.0006512982894736841,0.0006779188157894737,883798.2592763158,8.492176013157891,,,,,,,
2015-09-04 05:30:00,0.0006537569078947367,0.0006758880921052631,0.0006402998684210525,0.0006591077631578944,476709.9386842105,3.2803835124999994,,,,,,,
2015-09-06 05:30:00,0.0006599403921568628,0.0006792602614379086,0.0006395937908496733,0.0006573025490196082,500736.5833986928,3.0337798104575158,,,,,,,
2015-09-08 05:30:00,0.000649257207792208,0.000673883441558442,0.0006241120129870127,0.0006514642207792206,554816.8935064937,4.9882622798701295,,,,,,,
2015-09-10 05:30:00,0.0006385317532467535,0.0006607199350649352,0.0006197988961038959,0.0006473659740259745,1163914.5041558435,3.6454198636363633,,,,,,,
2015-09-12 05:30:00,0.0006296928205128206,0.0006501502564102565,0.0006026345512820513,0.0006294207692307695,753660.1205128205,3.201006288461538,,,,,,,
2015-09-14 05:30:00,0.0006190498717948716,0.0006455523717948719,0.0006036290384615386,0.0006221412820512822,1021896.3650826922,4.992169647435897,,,,,,,
2015-09-16 05:30:00,0.0006284690384615386,0.0006468849999999998,0.000608533653846154,0.0006253507692307688,1156250.6545128203,3.94238645897436,,,,,,,
2015-09-18 05:30:00,0.0006417535443037975,0.0006635564556962026,0.0006234241139240506,0.0006409134810126585,648743.8010759492,3.6844583278480996,,,,,,,
2015-09-20 05:30:00,0.0006283655696202532,0.0006536365189873418,0.0006132422784810128,0.0006327929746835442,1003211.4668354432,4.458380070253167,,,,,,,
2015-09-22 05:30:00,0.0006339474050632914,0.0006493455063291142,0.0006188521518987343,0.0006323874683544302,1700609.1374050635,5.198217094936709,,,,,,,
2015-09-24 05:30:00,0.0006203310126582279,0.000643221075949367,0.0006038127848101264,0.0006285523417721519,1827399.2467879744,4.194501737974684,,,,,,,
2015-09-26 05:30:00,0.000600452088607595,0.0006309374050632911,0.0005872856329113919,0.0006047535443037976,679287.9159493672,2.8055930759493664,,,,,,,
2015-09-28 05:30:00,0.0005894284810126582,0.0006160194303797465,0.0005678267088607596,0.0005947631012658228,821619.4624050633,3.6379439962025297,,,,,,,
2015-09-30 05:30:00,0.0005860515189873416,0.0006058646202531643,0.0005689303797468355,0.000589155,915922.0845569625,3.2025581310126587,,,,,,,
2015-10-02 05:30:00,0.0005770510759493671,0.0005957497468354427,0.0005608918354430378,0.0005874970253164556,598689.6685443042,2.7378445126582305,,,,,,,
2015-10-04 05:30:00,0.0005788357594936706,0.0005924980379746834,0.0005662341139240504,0.0005756857594936711,688800.4097177216,2.868426886075949,,,,,,,
2015-10-06 05:30:00,0.0005850889240506327,0.006893419430379747,0.0005630950632911389,0.0005812404430379748,652646.543607595,3.4705170063291115,,,,,,,
2015-10-08 05:30:00,0.0005752014556962024,0.0006052584810126581,0.0005612156962025315,0.0005774893670886073,695217.1156259495,3.243108554430377,,,,,,,
2015-10-10 05:30:00,0.0005733581012658226,0.0005876255696202537,0.0005621150000000002,0.0005753797468354434,555941.397151899,3.3886745658227846,,,,,,,
2015-10-12 05:30:00,0.0005593415822784808,0.0005831453797468354,0.0005518556329113926,0.000568986329113924,453234.2522151896,3.2316512860759503,,,,,,,
2015-10-14 05:30:00,0.0005279452531645569,0.0005620149367088605,0.0005145764556962023,0.0005465273417721519,2162257.1959493677,5.0731725860759465,,,,,,,
2015-10-16 05:30:00,0.0005054050632911393,0.0005315759493670888,0.0004880481645569619,0.0005097263291139239,1122457.665316455,3.6054517341772145,,,,,,,
2015-10-18 05:30:00,0.0004990957594936708,0.0005122521518987338,0.00048199594936708856,0.0004982234177215189,1033788.56653481,3.0920806259493667,,,,,,,
2015-10-20 05:30:00,0.0004888111392405063,0.0005259051898734178,0.00047383993670886096,0.0004932763924050634,1044707.3067721515,3.095406484177213,,,,,,,
2015-10-22 05:30:00,0.00048565746835443034,0.0005091962658227847,0.00047219468354430384,0.0004911162658227848,755075.6996835442,4.667055362025312,,,,,,,
2015-10-24 05:30:00,0.00045829215189873394,0.00048678170886075936,0.00044685613924050636,0.000471047594936709,1178661.3432911385,3.216025748101266,,,,,,,
2015-10-26 05:30:00,0.00046008158227848117,0.0004764642405063291,0.000437416772151899,0.0004576096835443039,684702.6562658226,2.9764573949367086,,,,,,,
2015-10-28 05:30:00,0.00046939139240506324,0.0004887254430379749,0.0004292124683544306,0.0004515727215189878,909502.3918987339,4.2939870556962,,,,,,,
2015-10-30 05:30:00,0.00046520265822784794,0.0005053151898734178,0.0004466184177215192,0.0004809829113924054,1143606.2337974682,4.143801105696202,,,,,,,
2015-11-01 05:30:00,0.00046266822784810134,0.0004958857594936705,0.0004447963291139243,0.00046855012658227833,1043461.0994303798,3.1164185987341777,,,,,,,
2015-11-03 05:30:00,0.006729311242236025,0.012865990993788823,0.006583104099378884,0.012848492422360247,1981497.223897516,6.760988130434785,,,,,,,
2015-11-05 05:30:00,0.0005252656172839509,0.0005563659876543209,0.0004909058024691359,0.0005143441975308641,795951.0800617286,3.341577506172838,,,,,,,
2015-11-07 05:30:00,0.0004083674074074072,0.000539492098765432,0.0003925925308641975,0.0005129599999999996,933184.642345679,1.8730028654320992,,,,,,,
2015-11-09 05:30:00,0.0006943475308641977,0.0007134545679012344,0.0006281357407407406,0.0006502570370370373,1527990.513395062,2.9368044333333327,,,,,,,
2015-11-11 05:30:00,0.0007235000617283951,0.0007434695679012348,0.0006943056790123458,0.0007194979012345676,2631991.304938271,3.5206840308641976,,,,,,,
2015-11-13 05:30:00,0.000715521049382716,0.0007340106172839508,0.0006993156790123457,0.0007182682098765431,1143782.409259259,2.078655298765432,,,,,,,
2015-11-15 05:30:00,0.0007068942592592589,0.0007200774074074072,0.0006945296913580248,0.0007088836419753082,1189245.6646296296,2.1411671654320985,,,,,,,
2015-11-17 05:30:00,0.0007009166049382718,0.0007184198765432095,0.0006857641975308643,0.0007008870370370369,1378976.5978395066,2.457184947530864,,,,,,,
2015-11-19 05:30:00,0.0007022053703703706,0.0007162366666666664,0.0006935636419753086,0.0007025864197530864,1039462.0143827162,1.8411551882716048,,,,,,,
2015-11-21 05:30:00,0.0006995492592592594,0.0007123642592592589,0.000691465987654321,0.0007019598148148144,631900.5256790122,1.5523745154320994,,,,,,,
2015-11-23 05:30:00,0.0006911341463414635,0.0007021537195121949,0.0006792204878048778,0.0006894206097560972,968931.6415853662,2.563195406097562,,,,,,,
2015-11-25 05:30:00,0.0006881648780487806,0.0007045493292682929,0.0006751242073170735,0.0006882076219512196,2526465.688841463,3.4322738060975606,,,,,,,
2015-11-27 05:30:00,0.0006699443292682925,0.0006839480487804879,0.0006602356097560973,0.0006775780487804873,1373372.7093902442,2.1362559506097556,,,,,,,
2015-11-29 05:30:00,0.0005143854268292682,0.0005377621341463415,0.0004953283536585367,0.0005132415243902439,1637938.2206707313,3.0605017012195126,,,,,,,
2015-12-01 05:30:00,0.0005053235975609754,0.0005338660365853656,0.0004890407926829268,0.000504220487804878,1579298.729512195,4.81331883719512,,,,,,,
2015-12-03 05:30:00,0.0005177498780487805,0.0005349560975609757,0.0004995057926829265,0.0005103921341463415,1430681.124512195,2.81807560304878,,,,,,,
2015-12-05 05:30:00,0.000501156524390244,0.0005265469512195123,0.0004922523780487805,0.0005121734146341463,2505759.5060975617,2.748810231707317,,,,,,,
2015-12-07 05:30:00,0.0004929476829268295,0.0005108766463414636,0.0004829587804878051,0.0004987138414634147,2118154.5485526826,3.453855046341462,,,,,,,
2015-12-09 05:30:00,0.0004941852439024393,0.0005128798170731709,0.0004762119512195124,0.0004898543292682928,2989237.2144512194,3.371204817073172,,,,,,,
2015-12-11 05:30:00,0.0004473639024390243,0.0004799890853658537,0.00042540475609756124,0.00045730152439024403,1742252.942589634,3.275310258536587,,,,,,,
2015-12-13 05:30:00,0.0003979681707317073,0.00042046115853658546,0.0003869983536585365,0.0004015154268292684,2024558.200731709,2.587107450000001,,,,,,,
2015-12-15 05:30:00,0.000391121280487805,0.00040881993902439024,0.000369944024390244,0.00038631408536585394,2033916.9084146342,2.7147116890243908,,,,,,,
2015-12-17 05:30:00,0.0003867024848484848,0.0004705007272727273,0.00037086121212121214,0.00045713509090909086,1958528.9115757577,2.7294350024242418,,,,,,,
2015-12-19 05:30:00,0.0003825925903614458,0.0004014193975903615,0.00037158054216867485,0.0003853615060240965,1006376.7431927717,1.7731882289156613,,,,,,,
2015-12-21 05:30:00,0.0003867619277108435,0.00040012704819277124,0.00036602771084337353,0.0003840058433734941,2171878.237168675,2.5157772373493983,,,,,,,
2015-12-23 05:30:00,0.00039958421686746987,0.0004143786746987954,0.0003800348192771084,0.0003976281325301206,1064457.0903198791,3.2872464096385547,,,,,,,
2015-12-25 05:30:00,0.0004136156024096384,0.0004285267469879516,0.0004013213253012049,0.00040790789156626504,1074996.586445783,2.5410993457831332,,,,,,,
2015-12-27 05:30:00,0.00041869024096385574,0.00043207162650602416,0.0004043420481927709,0.0004163236746987949,847117.3493975902,2.268597095180723,,,,,,,
2015-12-29 05:30:00,0.0004237503592814372,0.0004399831137724552,0.00040794682634730554,0.0004176878443113774,971904.0599401201,2.842225305389222,,,,,,,
2015-12-31 05:30:00,0.0004252995833333334,0.000442908869047619,0.0004120623214285714,0.00042694434523809507,744044.3525595239,3.0793883095238113,,,,,,,
2016-01-02 05:30:00,0.0004185793529411763,0.0004462331176470589,0.0004070332352941175,0.0004307837647058824,1509975.8529035295,2.019585699411765,,,,,,,
2016-01-04 05:30:00,0.00042842699999999994,0.00044778799999999985,0.000416095411764706,0.00043465835294117654,1364743.428470588,2.237740447058824,,,,,,,
2016-01-06 05:30:00,0.0004505206395348836,0.0004918306976744186,0.00039163482558139526,0.000483116918604651,1218070.1802325584,2.5779314656976755,,,,,,,
2016-01-08 05:30:00,0.0004097699421965319,0.000429630289017341,0.0003886908670520232,0.00040554213872832375,2520644.512427747,3.466145421965317,,,,,,,
2016-01-10 05:30:00,0.0003718009195402299,0.0003924293103448275,0.0003554813793103449,0.00037627758620689656,1268641.6086781607,2.4631659729885067,,,,,,,
2016-01-12 05:30:00,0.0004162203448275863,0.00045707735632183897,0.00037317775862068963,0.0004075699425287357,1358253.2766666661,4.213408477011494,,,,,,,
2016-01-14 05:30:00,0.00047637683908046004,0.0004970338505747129,0.00043540022988505756,0.000448423390804598,1308290.2397126441,5.90161886551724,,,,,,,
2016-01-16 05:30:00,0.0005200654022988507,0.0005476482183908047,0.0004710881034482755,0.0004974032183908045,1741472.745689656,8.160150342528736,,,,,,,
2016-01-18 05:30:00,0.0005109009659090912,0.0005439060227272732,0.0004913273863636366,0.0005225722159090909,1079185.6846590908,5.58976939943182,,,,,,,
2016-01-20 05:30:00,0.0005190775141242934,0.0005421712994350282,0.0004825771186440677,0.0005085064406779663,1349699.7624293778,5.481137514124295,,,,,,,
2016-01-22 05:30:00,0.000546418033707865,0.0005874694943820222,0.000504480393258427,0.0005315802247191011,1058203.2433146066,8.515466802808989,,,,,,,
2016-01-24 05:30:00,0.0005529490555555557,0.000593797,0.0005021222222222223,0.0005457115000000004,1643568.2143283328,12.834826193833331,,,,,,,
2016-01-26 05:30:00,0.0006321583425414365,0.0006702253038674034,0.0005749096685082874,0.0006059941436464087,9536697.782983422,21.917573558011036,,,,,,,
2016-01-28 05:30:00,0.000625507912087912,0.0006973880219780221,0.0005897585714285716,0.000657606153846154,3731686.5668681315,13.96474068626374,,,,,,,
2016-01-30 05:30:00,0.0005901612637362638,0.0006272095604395602,0.0005574639560439557,0.0006107287912087909,1997071.7748901097,8.836046335164832,,,,,,,
2016-02-01 05:30:00,0.0005741190659340659,0.0006012017582417579,0.0005410962637362636,0.0005771925824175824,1075256.8491208795,7.5466309615384635,,,,,,,
2016-02-03 05:30:00,0.0005756655494505499,0.0006020739560439563,0.0005543315934065936,0.0005761993406593409,991819.5491758242,5.947783565934069,,,,,,,
2016-02-05 05:30:00,0.0005802853296703299,0.0006078574175824176,0.0005438121428571427,0.0005719156593406595,1049093.5696153848,6.646525168681322,,,,,,,
2016-02-07 05:30:00,0.0006115502197802197,0.0006500079670329669,0.0005648714285714284,0.0005960452747252748,1060566.8813186814,11.848641652747252,,,,,,,
2016-02-09 05:30:00,0.0006385658469945356,0.0006913714207650272,0.0005979666120218583,0.0006395647540983605,692188.0006557376,19.282778874316943,,,,,,,
2016-02-11 05:30:00,0.0007605096739130437,0.0008369359239130434,0.0006760665217391302,0.0007356982608695648,2269238.331161033,26.96252315815216,,,,,,,
2016-02-13 05:30:00,0.0006853709782608699,0.0007285509782608697,0.0006349716304347824,0.0007013455434782606,1560837.4985326088,18.511021436413035,,,,,,,
2016-02-15 05:30:00,0.0006790653260869562,0.0007393498369565225,0.0006370299456521739,0.0006868699999999999,1523485.3727717393,16.761030559782615,,,,,,,
2016-02-17 05:30:00,0.0006488318085106383,0.0007032893085106384,0.0006056556382978722,0.0006620021276595742,7311328.499208507,15.75541113829786,,,,,,,
2016-02-19 05:30:00,0.0006392864893617022,0.0006787920744680852,0.0006119994148936173,0.0006404310106382982,5538105.759095745,10.292517118617019,,,,,,,
2016-02-21 05:30:00,0.000646719734042553,0.000675464680851064,0.0005992953723404255,0.0006297605319148937,2918901.403138297,11.364611587234046,,,,,,,
2016-02-23 05:30:00,0.0006923739361702122,0.000726018670212766,0.0006444490425531916,0.0006703468085106385,3181085.977606384,12.681335955319142,,,,,,,
2016-02-25 05:30:00,0.0006978282978723407,0.0007554261170212764,0.0006655709574468083,0.0007072712765957441,2268251.9513829793,12.218006853723402,,,,,,,
2016-02-27 05:30:00,0.0007007864361702129,0.0007272788829787233,0.0006754161702127661,0.0006980742553191488,3709868.9843617016,7.7974102553191535,,,,,,,
2016-02-29 05:30:00,0.0006949795212765958,0.0007307498404255314,0.0006519520744680853,0.0006907470744680846,3149829.362967552,14.77415885904255,,,,,,,
2016-03-02 05:30:00,0.0007530848404255316,0.0007917303723404255,0.0006749643085106386,0.0007083593085106381,3695614.070372341,28.892013148936176,,,,,,,
2016-03-04 05:30:00,0.0008445425531914898,0.0009138380319148937,0.0007543279787234045,0.0007988817021276592,3969160.5512765977,36.020733895212764,,,,,,,
2016-03-06 05:30:00,0.0008445560638297872,0.0009648176063829789,0.0007845952659574468,0.0008700686702127656,3687789.27973404,29.289392223404253,,,,,,,
2016-03-08 05:30:00,0.0009021945744680849,0.0009585136702127656,0.0008038596808510639,0.000844199627659574,7356831.15398937,25.183030244680857,,,,,,,
2016-03-10 05:30:00,0.0009002818085106382,0.0009827579255319151,0.00084680835106383,0.0009162801595744681,9907992.335851068,24.25075819148936,,,,,,,
2016-03-12 05:30:00,0.000988313210526315,0.0010531811052631574,0.0009033337368421048,0.0009562575263157885,4784874.080315789,30.333065761578933,,,,,,,
2016-03-14 05:30:00,0.0009427105263157893,0.001026710210526316,0.0008748116315789471,0.0009643385263157886,3638370.764,29.105564173684208,,,,,,,
2016-03-16 05:30:00,0.0009452716315789474,0.0010365635263157897,0.000879012789473684,0.0009569903157894736,7571008.278263162,29.1438692068421,,,,,,,
2016-03-18 05:30:00,0.0009245807894736848,0.0009920326842105269,0.0008458738947368419,0.0009281351052631571,3951343.725473685,20.268841873684213,,,,,,,
2016-03-20 05:30:00,0.0009315598421052633,0.0009833926842105262,0.0008624048421052632,0.0009149772105263165,3009983.5932634724,14.169115678947376,,,,,,,
2016-03-22 05:30:00,0.0009690799473684206,0.001007884315789474,0.000913396947368421,0.0009498928421052637,3308807.569368422,14.168343157894736,,,,,,,
2016-03-24 05:30:00,0.000977375684210526,0.0010374461578947362,0.0009278032105263153,0.0009859507368421049,11057794.224157885,20.242893790526324,,,,,,,
2016-03-26 05:30:00,0.0009495715789473682,0.0010240376315789473,0.0009076658947368417,0.0009804235263157891,4051690.693362106,16.50840743736843,,,,,,,
2016-03-28 05:30:00,0.0009770019473684206,0.0010071867368421053,0.0009164055789473676,0.0009475476315789468,5716982.555947368,15.523026281052626,,,,,,,
2016-03-30 05:30:00,0.0009780589473684209,0.001011228421052631,0.0009463859473684206,0.0009870008421052634,4740680.916983683,12.82901502157894,,,,,,,
2016-04-01 05:30:00,0.0009766086979166669,0.00100742890625,0.0009320517708333336,0.0009664844791666674,7518737.777873959,12.967596312499994,,,,,,,
2016-04-03 05:30:00,0.0009798127083333334,0.0010216618229166663,0.0009380333333333339,0.0009745481249999994,2383764.2205208335,15.077516041666678,,,,,,,
2016-04-05 05:30:00,0.0009422522916666668,0.0009978500520833337,0.0009103986458333328,0.0009622777083333338,2280255.272031251,14.999048105208338,,,,,,,
2016-04-07 05:30:00,0.0009074299479166661,0.0009585972916666665,0.0008746617708333338,0.000929243697916667,1278764.5968770832,10.263627329166663,,,,,,,
2016-04-09 05:30:00,0.0008331561979166663,0.0009053300520833332,0.0007879453125000006,0.0008848594791666663,1571615.5767708344,14.149159249999999,,,,,,,
2016-04-11 05:30:00,0.0007729477604166659,0.00082488015625,0.000743201927083333,0.0007984397395833334,2834086.2644270845,11.496316594270832,,,,,,,
2016-04-13 05:30:00,0.0007947490104166663,0.0008292720833333341,0.0007546794791666672,0.0007821450000000009,4125135.8150135446,11.374369036979175,,,,,,,
2016-04-15 05:30:00,0.0007626334196891197,0.0007986752331606221,0.000736197357512954,0.0007703774611398964,3221657.9450336806,8.43347519170984,,,,,,,
2016-04-17 05:30:00,0.0008056402551020401,0.0008402685204081639,0.0007545260204081633,0.0007850094897959186,3405025.2173178555,12.004752848979592,,,,,,,
2016-04-19 05:30:00,0.0007815279591836733,0.000825425102040816,0.0007631637244897961,0.0007996538265306116,3216252.144285716,9.95879798469388,,,,,,,
2016-04-21 05:30:00,0.0007257222448979598,0.0007729540306122449,0.0007097477040816327,0.0007459346428571432,3738528.2950510206,9.260092515816323,,,,,,,
2016-04-23 05:30:00,0.0007361256632653061,0.0007917381632653062,0.0007000905102040819,0.0007304968367346941,1671556.5489795913,11.752529996428574,,,,,,,
2016-04-25 05:30:00,0.0006763917857142859,0.0007214717857142861,0.0006489316836734693,0.0007031946938775516,3362100.544897959,14.284812817346943,,,,,,,
2016-04-27 05:30:00,0.0006976925510204083,0.0007311312755102046,0.0006617915816326533,0.0006860333163265301,2534306.8360714284,9.653009633673463,,,,,,,
2016-04-29 05:30:00,0.000716526326530612,0.000746010051020408,0.0006767223979591838,0.0006928468367346939,2780173.819132654,11.45180666428571,,,,,,,
2016-05-01 05:30:00,0.0007562029081632648,0.000783634795918368,0.0007138657653061227,0.0007369589285714287,1705340.4038775512,11.986970624489794,,,,,,,
2016-05-03 05:30:00,0.0007501047448979592,0.0007850844897959179,0.0007293764795918364,0.0007602859693877556,1647341.761887755,10.021130233163259,,,,,,,
2016-05-05 05:30:00,0.0007357399489795921,0.0007715713775510206,0.0007187649489795921,0.0007493297959183674,2430506.030408163,9.031976520408163,,,,,,,
2016-05-07 05:30:00,0.0007235188265306124,0.0007435245918367351,0.000696902959183673,0.0007232957653061228,1415791.2674489794,7.352514917857143,,,,,,,
2016-05-09 05:30:00,0.0007207060204081632,0.0007532185714285716,0.000692599591836735,0.0007167498469387753,1696359.90377551,8.56393550510204,,,,,,,
2016-05-11 05:30:00,0.0007445990816326532,0.0007741546428571438,0.0007138156122448979,0.0007388682142857144,1867684.523265306,10.283788433163265,,,,,,,
2016-05-13 05:30:00,0.0007455946428571433,0.0007782859693877546,0.0007188077040816325,0.0007438522448979589,1687447.2863147964,12.921335810204075,,,,,,,
2016-05-15 05:30:00,0.0007659467512690351,0.0007964811167512688,0.0007231301015228423,0.0007432184263959397,1992406.7194482237,9.414076240609141,,,,,,,
2016-05-17 05:30:00,0.0008069374242424242,0.0008449078787878788,0.0007664243939393938,0.0007869537373737371,2364506.1458080797,15.239409580808086,,,,,,,
2016-05-19 05:30:00,0.0008822253030303037,0.0009344533838383838,0.0008305992424242423,0.0008608885353535352,1617970.757020203,16.82437814141414,,,,,,,
2016-05-21 05:30:00,0.0008931247979797984,0.0009176012626262623,0.000857730303030303,0.0008823087373737371,1179978.445656566,9.272594469696976,,,,,,,
2016-05-23 05:30:00,0.0008533239393939394,0.0009130494949494951,0.0008314148484848482,0.0008863068686868691,2143382.334595959,13.276078075757567,,,,,,,
2016-05-25 05:30:00,0.00081868755,0.0008535418499999996,0.00078199435,0.00082564005,2963148.1015999997,14.089480071999997,,,,,,,
2016-05-27 05:30:00,0.0007193675000000001,0.0008023409999999994,0.00068157475,0.0007776438499999998,2483520.2176999995,18.879130220500002,,,,,,,
2016-05-29 05:30:00,0.0007144998500000003,0.0007425329499999998,0.0006834202500000001,0.0007043223999999998,1414636.661850001,8.787936459500004,,,,,,,
2016-05-31 05:30:00,0.0007401192999999993,0.0007758373000000004,0.0007003684999999995,0.00072624385,1654204.1666999992,13.843404844500013,,,,,,,
2016-06-02 05:30:00,0.0007138340099009897,0.0007477798019801978,0.0006903577227722768,0.0007296923762376244,1263203.792476733,14.140191280693072,,,,,,,
2016-06-04 05:30:00,0.0006825560396039607,0.0007116613366336641,0.0006540454950495052,0.0006937493069306931,961711.047830693,11.075657915346534,,,,,,,
2016-06-06 05:30:00,0.0006843195049504954,0.0007022228217821781,0.0006522394554455445,0.0006787701485148515,1246023.599108911,12.93377331287128,,,,,,,
2016-06-08 05:30:00,0.0006980388118811879,0.0007253671287128715,0.00066827,0.0006909808910891089,966431.7914851488,6.396257201485148,,,,,,,
2016-06-10 05:30:00,0.0006829880693069312,0.0007143993564356438,0.0006700733168316827,0.0006993077722772278,1332527.4296039594,5.345250207425744,,,,,,,
2016-06-12 05:30:00,0.004899065812807883,0.004953730935960591,0.004524154433497538,0.004583678325123151,2141115.5061275857,12.526546143349751,,,,,,,
2016-06-14 05:30:00,0.009180967009803927,0.009209766470588238,0.009145174509803924,0.009163502450980394,1739499.7601960797,9.12102454901961,,,,,,,
2016-06-16 05:30:00,0.009125091813725495,0.009191435294117641,0.00908542475490196,0.009165267450980393,2604652.8642034316,21.080506549019606,,,,,,,
2016-06-18 05:30:00,0.009176215441176467,0.009295901617647057,0.009115944950980392,0.009232386666666667,1501950.219901961,17.413298794117644,,,,,,,
2016-06-20 05:30:00,0.009503136553398057,0.009542889757281554,0.009246318786407769,0.009289894320388351,1993880.748980582,21.166621400970865,,,,,,,
2016-06-22 05:30:00,0.00957996631067961,0.00963821713592233,0.009519546407766989,0.009557052621359226,2141574.311504854,26.996634236893225,,,,,,,
2016-06-24 05:30:00,0.009570540048543689,0.009604844757281555,0.009519913834951457,0.00957419936893204,1142172.1906796119,14.020355174271845,,,,,,,
2016-06-26 05:30:00,0.009795128203883492,0.00982476800970874,0.009548391067961163,0.009577699223300972,1263162.3883165042,10.421097414514568,,,,,,,
2016-06-28 05:30:00,0.009993262330097086,0.010056119029126212,0.009934616213592234,0.009991320048543681,2087074.5074757277,18.155132466019428,,,,,,,
2016-06-30 05:30:00,0.009971026165048536,0.010030555679611652,0.009939728252427175,0.009993380922330097,2131666.3359708744,12.450516829126212,,,,,,,
2016-07-02 05:30:00,0.00996631194174757,0.01000122004854368,0.0099259163592233,0.009961399368932032,2017392.28815534,9.95134144320388,,,,,,,
2016-07-04 05:30:00,0.010366825362318845,0.010836634975845413,0.010103979903381643,0.010581506425120773,1613450.3857487924,11.54677665652174,,,,,,,
2016-07-06 05:30:00,0.010324052259615385,0.010372294663461528,0.010281673125000012,0.010315824278846157,1932534.1371634624,10.831535674038465,,,,,,,
2016-07-08 05:30:00,0.0007271099521531101,0.005548937942583733,0.0006921514832535884,0.00550764837320574,817984.5307177034,10.347063361722489,,,,,,,
2016-07-10 05:30:00,0.0007395900473933651,0.0007754052132701418,0.000703057962085308,0.0007300216587677725,755713.7771090046,10.724863306635061,,,,,,,
2016-07-12 05:30:00,0.0007803384433962265,0.0008389895754716979,0.000721038773584906,0.0007539715566037736,1656670.5010377367,31.11609427877359,,,,,,,
2016-07-14 05:30:00,0.0008505933490566041,0.0009107447169811329,0.0007864912735849061,0.0008191372641509436,1154434.4663679246,36.278847399056616,,,,,,,
2016-07-16 05:30:00,0.0008340398113207552,0.00089411212264151,0.0008015268396226416,0.0008596310849056602,741277.8623584901,19.364880575471688,,,,,,,
2016-07-18 05:30:00,0.0008250566037735843,0.000884711132075472,0.0007717658962264146,0.0008071658018867928,811348.3406133964,27.28092458127358,,,,,,,
2016-07-20 05:30:00,0.0008506011320754716,0.0009105742924528296,0.0008165666981132079,0.0008512841981132076,1301950.3019339605,21.090469561320763,,,,,,,
2016-07-22 05:30:00,0.0009058380188679245,0.0009523506132075479,0.000849392641509434,0.0008774831132075473,1184546.8299056606,19.652080325471694,,,,,,,
2016-07-24 05:30:00,0.0008606373113207556,0.0009155601415094339,0.0008240814150943396,0.0008783742924528307,832007.1844551895,15.991992862735856,,,,,,,
2016-07-26 05:30:00,0.0008256908450704225,0.0008923684976525824,0.0007818324882629109,0.0008477888262910801,998911.5248356814,19.571915948356814,,,,,,,
2016-07-28 05:30:00,0.0008475616822429901,0.0008839400934579439,0.0008106066822429905,0.0008482052336448594,771897.7386448598,13.792574324299059,,,,,,,
2016-07-30 05:30:00,0.0008589894859813084,0.0008866007476635514,0.00081515953271028,0.0008501114953271028,869578.6856542057,12.491648901869167,,,,,,,
2016-08-01 05:30:00,0.0008897293457943925,0.0009484256542056078,0.0008005514485981305,0.0008717120093457944,1074606.7314953273,47.7454572242991,,,,,,,
2016-08-03 05:30:00,0.0009086157476635523,0.0009661398598130844,0.000837727429906542,0.0009010446261682239,1113288.837056075,36.9687852691589,,,,,,,
2016-08-05 05:30:00,0.0009418779906542056,0.0009860711214953275,0.0009015451869158877,0.0009411742056074765,1293314.274018691,15.85577782710281,,,,,,,
2016-08-07 05:30:00,0.0009493072897196258,0.0010120146261682241,0.0008935365420560755,0.0009444264485981312,1718049.6080373824,14.891754764018692,,,,,,,
2016-08-09 05:30:00,0.0010058927570093452,0.0010937355607476623,0.0009361842056074765,0.0009843148130841122,1348290.35724299,29.889176387850473,,,,,,,
2016-08-11 05:30:00,0.0009836944907407408,0.0010579156481481484,0.0009296450462962965,0.0009951069907407411,1786650.1836111124,18.67404012962963,,,,,,,
2016-08-13 05:30:00,0.0010280879629629624,0.0010814304629629629,0.0009562296296296295,0.0010018804166666668,1168093.9787500005,18.39079886805556,,,,,,,
2016-08-15 05:30:00,0.0010412138425925927,0.001086640972222223,0.0009800542129629632,0.0010435731481481486,2846199.6880092598,14.346906704166663,,,,,,,
2016-08-17 05:30:00,0.001012351018518519,0.001060390648148148,0.0009670026388888892,0.001023215972222223,1876114.0291203693,15.410923590740744,,,,,,,
2016-08-19 05:30:00,0.0010055139170506919,0.0010535122119815668,0.000969265023041475,0.0010094058986175108,1270028.8298617522,9.760384174193549,,,,,,,
2016-08-21 05:30:00,0.0010023843636363633,0.0010463404545454546,0.0009580538636363644,0.000987918863636364,1304239.6569545455,12.85971043681818,,,,,,,
2016-08-23 05:30:00,0.0010174477272727278,0.0010724524090909087,0.0009616387727272726,0.0010164223636363627,1115492.5580909085,15.649742463636374,,,,,,,
2016-08-25 05:30:00,0.0010066378125000001,0.0010486747767857142,0.0009586881696428569,0.0010034320982142853,1078761.0005803572,12.12104854107143,,,,,,,
2016-08-27 05:30:00,0.0010352672321428567,0.0010766977678571433,0.0009644612946428571,0.001003995625000001,677033.2297321435,14.53486820089286,,,,,,,
2016-08-29 05:30:00,0.0010791141071428575,0.001154718303571428,0.0010027883482142856,0.0010718850000000005,1687905.8732142872,18.839791614285712,,,,,,,
2016-08-31 05:30:00,0.001102968705357143,0.0011574935267857145,0.0010286588392857136,0.0010939464285714283,906898.2650892857,14.641136845535721,,,,,,,
2016-09-02 05:30:00,0.0011058269642857147,0.0011998595089285718,0.0010458753125,0.0011039302678571437,864968.1922321422,22.224358839285724,,,,,,,
2016-09-04 05:30:00,0.0011146951785714284,0.0011588054464285718,0.0010438620089285714,0.0011026096428571428,1449273.1479584824,13.549662563839291,,,,,,,
2016-09-06 05:30:00,0.0010735362500000005,0.001132388482142858,0.0010289111607142858,0.0010991961607142858,1154247.3731696424,14.366539419642864,,,,,,,
2016-09-08 05:30:00,0.0010473742477876103,0.0011030977876106192,0.0009996579646017695,0.0010481471681415924,1698200.3681415932,12.004225261061942,,,,,,,
2016-09-10 05:30:00,0.0010612429203539814,0.0011054975221238934,0.001015057256637169,0.00105700314159292,855296.9169619468,12.270491104424774,,,,,,,
2016-09-12 05:30:00,0.0010949292920353984,0.0011402499115044248,0.001031157079646018,0.0010760484955752206,1154891.2251654863,12.691537459734512,,,,,,,
2016-09-14 05:30:00,0.0011327569603524236,0.0011949998237885465,0.0010747718061674008,0.0011122395154185025,1722867.5712334802,14.013948052422904,,,,,,,
2016-09-16 05:30:00,0.0011651594782608702,0.0012179289565217386,0.0010853625652173914,0.0011534509130434788,2755944.3795273895,14.63415652173914,,,,,,,
2016-09-18 05:30:00,0.0011470741304347818,0.0011997735652173906,0.001090664217391304,0.0011413933043478263,1477424.3848260867,12.974302957391307,,,,,,,
2016-09-20 05:30:00,0.0012252044782608688,0.0013328149565217382,0.0011332180869565217,0.001214621608695652,1222127.7733043476,18.82009262173913,,,,,,,
2016-09-22 05:30:00,0.0011630170689655179,0.001222163620689656,0.0011199032758620684,0.0011808311637931039,755677.8965086208,9.957017468534476,,,,,,,
2016-09-24 05:30:00,0.0011363697844827588,0.001178518103448275,0.0010987294827586212,0.0011397678879310343,643597.8991064655,7.337819952586208,,,,,,,
2016-09-26 05:30:00,0.0011044745689655167,0.001150405301724138,0.0010694028017241375,0.0011165056034482762,1062540.400301724,8.502578935344829,,,,,,,
2016-09-28 05:30:00,0.0010912256896551723,0.0011378446551724144,0.0010497518103448269,0.0011051724999999997,871434.9427293534,9.178487558189659,,,,,,,
2016-09-30 05:30:00,0.0010608283189655178,0.001113017413793103,0.0010166462500000007,0.001089573103448276,1261940.233922414,10.489120475862077,,,,,,,
2016-10-02 05:30:00,0.0010404568803418803,0.0010829984188034194,0.0010029852136752132,0.0010342332905982914,823301.6929162397,8.35831270854701,,,,,,,
2016-10-04 05:30:00,0.001021358461538461,0.0010651642307692312,0.000988061111111111,0.0010296788034188033,766916.8029487182,13.412008602564102,,,,,,,
2016-10-06 05:30:00,0.0010440031489361695,0.001213637319148937,0.001009104680851064,0.0011797463829787234,1053562.3099984252,11.844107525106384,,,,,,,
2016-10-08 05:30:00,0.001065157711864407,0.001103253601694915,0.0010284984322033901,0.0010611385169491518,841095.3586275426,7.995533868644067,,,,,,,
2016-10-10 05:30:00,0.0010064824894514763,0.001082639367088608,0.0009814582700421943,0.0010491482278481017,1690330.220456118,13.079565866666668,,,,,,,
2016-10-12 05:30:00,0.0009811370292887036,0.0010279362761506279,0.0009569699163179916,0.000979517991631799,1222984.1615899587,8.890916234309621,,,,,,,
2016-10-14 05:30:00,0.000968312416666667,0.0010058926666666674,0.0009477432500000007,0.0009801184583333336,858086.4631397504,8.517403484583335,,,,,,,
2016-10-16 05:30:00,0.000935768958333334,0.0009735429166666671,0.000917056041666667,0.0009559883333333334,1535537.8651666662,15.698344072500005,,,,,,,
2016-10-18 05:30:00,0.0009549505,0.000993338,0.0009112028750000004,0.0009460141249999996,1866192.0629166667,21.024016746249984,,,,,,,
2016-10-20 05:30:00,0.0009764599585062243,0.001020672697095436,0.0009407938174273858,0.000973771203319502,1379242.3459336108,12.42624495892116,,,,,,,
2016-10-22 05:30:00,0.0009491864462809917,0.001009416818181818,0.0009196450826446283,0.0009783304545454554,1547946.6685123963,15.03198895289256,,,,,,,
2016-10-24 05:30:00,0.0009319948760330583,0.0009791383057851243,0.0009015962809917356,0.0009489897107438013,1688456.4708264465,16.542010665289265,,,,,,,
2016-10-26 05:30:00,0.0008702393032786888,0.0009323136065573772,0.000836999303278689,0.0008949334836065575,1621305.1815983609,16.5530418237705,,,,,,,
2016-10-28 05:30:00,0.12586225430894316,0.3016926817073172,0.09630793353658548,0.27725933821138227,1385300.9721857714,18.16308770691056,,,,,,,
2016-10-30 05:30:00,0.014284766178861787,0.026687532723577222,0.006099514593495936,0.015973758536585368,922537.811260163,12.603375268292691,,,,,,,
2016-11-01 05:30:00,0.013488894552845526,0.020454200528455282,0.011780506097560978,0.017779522317073172,880710.1157723569,11.472856356504067,,,,,,,
2016-11-03 05:30:00,0.009317377764227636,0.011918556422764223,0.008788446707317063,0.011104452967479679,991896.7691869921,10.551698702845528,,,,,,,
2016-11-05 05:30:00,0.0058644345528455315,0.007497667682926831,0.005577259024390247,0.00741734536585366,880795.449878048,7.5833024227642225,,,,,,,
2016-11-07 05:30:00,0.003674325813008131,0.004427092845528454,0.0030639832520325213,0.004048173130081303,1110472.5249878052,9.113633991869918,,,,,,,
2016-11-09 05:30:00,0.003479512886178862,0.004436887642276426,0.003150618333333333,0.0037815205284552848,998004.8921951215,9.724218982113824,,,,,,,
2016-11-11 05:30:00,0.0026256949999999973,0.0031366611788617906,0.0025483503252032506,0.0030412845934959377,829793.2142276423,8.339280678861789,,,,,,,
2016-11-13 05:30:00,0.0020386544308943085,0.00240618987804878,0.0019448648373983734,0.0022894426016260173,798277.8983646339,8.58044935365853,,,,,,,
2016-11-15 05:30:00,0.0018866723790322574,0.0022375690322580665,0.0017911348790322576,0.002001424798387097,1660932.3431048384,10.830049041129032,,,,,,,
2016-11-17 05:30:00,0.0015628353225806443,0.0017689883870967743,0.0015029637903225803,0.001712806814516128,1153789.9869334677,7.5550766552419395,,,,,,,
2016-11-19 05:30:00,0.0013688597580645149,0.001479026935483871,0.0013263537096774183,0.0014118703629032248,590410.1479435484,6.946561322580647,,,,,,,
2016-11-21 05:30:00,0.001277732701612903,0.0014559647983870972,0.0012435366935483869,0.0013200715725806464,575907.5650806451,5.7598362060483925,,,,,,,
2016-11-23 05:30:00,0.001670829233870968,0.0017939379032258058,0.001336553104838709,0.0014495422177419357,1019157.79506129,6.45433624879032,,,,,,,
2016-11-25 05:30:00,0.0015937270564516136,0.0017993715322580648,0.0015477524999999994,0.0017008845564516122,658589.4599512097,4.780680927419351,,,,,,,
2016-11-27 05:30:00,0.0014842304032258067,0.0015725379032258064,0.0013895553629032248,0.001502240120967741,550581.211678629,5.500311350806449,,,,,,,
2016-11-29 05:30:00,0.0014006852822580642,0.0015308831451612901,0.0013523164112903222,0.0014462408467741938,730852.3018145165,5.9368880907258035,,,,,,,
2016-12-01 05:30:00,0.0012783435080645157,0.001386385443548387,0.0012548869354838707,0.0013546057661290324,774867.7749596774,5.467561637096776,,,,,,,
2016-12-03 05:30:00,0.001227421169354838,0.001288337016129032,0.0011953886290322587,0.0012372570161290313,929883.5089395155,4.938274443548385,,,,,,,
2016-12-05 05:30:00,0.0011510491935483869,0.0012573818145161274,0.0010759516129032257,0.0011818470161290323,1852865.077822581,10.25837179032258,,,,,,,
2016-12-07 05:30:00,0.0011873610887096777,0.0012871691935483873,0.0011128136290322577,0.0011711405241935477,912111.185780242,7.923384825403229,,,,,,,
2016-12-09 05:30:00,0.001126050967741936,0.0011883839112903222,0.001102917822580645,0.0011625682661290321,1387449.5732661297,5.226061233870968,,,,,,,
2016-12-11 05:30:00,0.0011337995967741932,0.0011770591935483874,0.001100353911290323,0.0011200019354838716,507867.47048387124,3.8747410883064526,,,,,,,
2016-12-13 05:30:00,0.001098107782258065,0.0011531159274193552,0.0010723685887096776,0.0011175488709677414,797512.3722580645,4.7982290564516115,,,,,,,
2016-12-15 05:30:00,0.0010451421774193546,0.0011001127016129029,0.0010263118951612904,0.001069211532258065,829420.1374193544,4.596891254838709,,,,,,,
2016-12-17 05:30:00,0.0009937503629032266,0.001062849838709678,0.0009709814516129032,0.0010176114516129034,600100.8483870975,4.064259094354842,,,,,,,
2016-12-19 05:30:00,0.0009793659677419355,0.0010449423387096778,0.0009468120967741937,0.0009840371774193547,1296788.2559633064,5.632568095564515,,,,,,,
2016-12-21 05:30:00,0.000987580240963855,0.0011288232128514064,0.0008981910040160642,0.001045929759036145,840276.6751807225,8.52790169477912,,,,,,,
2016-12-23 05:30:00,0.0010031641199999997,0.0011256498400000002,0.0009406298799999994,0.0010173786799999999,1199472.4572455995,6.284037132799997,,,,,,,
2016-12-25 05:30:00,0.00094044496,0.0010191706,0.0009177936799999995,0.0009720774000000004,366746.99748000014,2.8417712744000005,,,,,,,
2016-12-27 05:30:00,0.0009433681599999997,0.0010425275999999997,0.0008877411999999996,0.00093169904,895524.2622392003,6.427602199999996,,,,,,,
2016-12-29 05:30:00,0.0010188579600000002,0.0010689747599999997,0.0009425687199999999,0.0009754902400000007,770478.9649215996,5.173967992000001,,,,,,,
2016-12-31 05:30:00,0.0009897768400000003,0.0010478698000000002,0.0009594582799999995,0.0010165247600000004,564865.3612800003,3.467917840799999,,,,,,,
2017-01-02 05:30:00,0.0009874206400000002,0.0010352669199999998,0.0009353544399999998,0.0009717619600000003,1000611.2746,6.517413180000002,,,,,,,
2017-01-04 05:30:00,0.0010239023999999988,0.0010942716400000002,0.0009689163999999996,0.0010004578400000003,1824087.90148,8.092173391999998,,,,,,,
2017-01-06 05:30:00,0.0010829428399999994,0.0011398517200000003,0.00101669212,0.0010641290000000002,1763088.947280001,7.001882488,,,,,,,
2017-01-08 05:30:00,0.0010721523600000003,0.00112543492,0.00103532156,0.0010713804399999996,916262.9489211998,4.496968873600001,,,,,,,
2017-01-10 05:30:00,0.001102646079999999,0.0011360335600000006,0.00105483208,0.0010782710400000003,1576694.50516,6.0953707040000005,,,,,,,
2017-01-12 05:30:00,0.00113571628,0.00121488244,0.0011016506400000005,0.0011326910799999987,901548.1087600003,6.154289259999998,,,,,,,
2017-01-14 05:30:00,0.0011491498399999996,0.0011769953199999997,0.0011028939199999998,0.0011312167999999996,2209719.1156720007,5.353211336000001,,,,,,,
2017-01-16 05:30:00,0.0011051535599999993,0.0011712013599999998,0.0010759695999999997,0.0011396107999999995,2341284.7057200004,6.429868352000003,,,,,,,
2017-01-18 05:30:00,0.0010915355999999996,0.001125066639999999,0.0010567657999999995,0.0010886797599999989,1346839.7432799994,6.163504699999996,,,,,,,
2017-01-20 05:30:00,0.0010707578174603174,0.00111301242063492,0.0010453724206349203,0.00108004873015873,689968.7699503967,4.82322098611111,,,,,,,
2017-01-22 05:30:00,0.0010657559920634913,0.001102592658730159,0.0010401125793650789,0.0010593603571428568,2136912.0487301582,5.073751071428571,,,,,,,
2017-01-24 05:30:00,0.001060356706349207,0.0010990422222222221,0.0010334017063492057,0.0010664095238095235,1560531.3658730176,5.253662261904762,,,,,,,
2017-01-26 05:30:00,0.0010417589285714286,0.0010844059126984126,0.0010134794047619048,0.0010449872619047618,1464929.8794444448,5.6937975833333265,,,,,,,
2017-01-28 05:30:00,0.0010583437698412693,0.0010993304761904765,0.0010218677380952382,0.0010414441666666669,974477.9186507934,5.299254496031741,,,,,,,
2017-01-30 05:30:00,0.0010686732936507936,0.0011199693253968242,0.0010365904365079361,0.0010794368650793656,1022246.0079761909,5.853196043650793,,,,,,,
2017-02-01 05:30:00,0.001015760357142857,0.0010564901587301599,0.0009889924206349205,0.001036557341269841,1427064.2104365078,4.926201815476189,,,,,,,
2017-02-03 05:30:00,0.0009881695238095234,0.0010269735317460316,0.0009591451984126982,0.0009914900396825398,676419.9879761908,4.769572146825391,,,,,,,
2017-02-05 05:30:00,0.00097962503968254,0.001021221150793652,0.0009530958333333334,0.0009872744841269844,708812.7268650798,5.05578302777778,,,,,,,
2017-02-07 05:30:00,0.0009621161904761906,0.0010073712301587301,0.0009225284523809523,0.0009702598412698409,828533.0454761905,4.379168666666665,,,,,,,
2017-02-09 05:30:00,0.0009801657874015754,0.0010156853149606302,0.0009373033464566934,0.0009724290551181099,951258.1668503935,5.864072952755905,,,,,,,
2017-02-11 05:30:00,0.0009550431250000003,0.001003738632812501,0.0009324935156250007,0.0009793412499999998,776706.9887109376,4.571077390625,,,,,,,
2017-02-13 05:30:00,0.0009527050384615387,0.0010036102692307697,0.000870621538461539,0.0009302248076923077,1695119.4089615387,7.143420346153847,,,,,,,
2017-02-15 05:30:00,0.0010159085384615389,0.0010671574615384617,0.0009501852692307692,0.0010066558461538462,617311.1251153845,5.891545680769235,,,,,,,
2017-02-17 05:30:00,0.0009625711923076925,0.0010226579230769228,0.0009327528846153848,0.0009775482692307694,1090890.0752307696,5.220979346538461,,,,,,,
2017-02-19 05:30:00,0.0009181980827067671,0.0009898421428571429,0.0008919000751879706,0.0009431676691729326,903729.9647744359,5.241234996992486,,,,,,,
2017-02-21 05:30:00,0.0008535815789473691,0.0009151495112781956,0.0008339416917293234,0.0008817922180451125,910452.1741729312,4.896619784962404,,,,,,,
2017-02-23 05:30:00,0.0008370207894736845,0.0009075945488721806,0.0007901636466165414,0.0008388276315789477,1523974.8153007517,6.555571071428572,,,,,,,
2017-02-25 05:30:00,0.000857361654135338,0.000881549736842105,0.0007974555263157892,0.0008455425563909777,807161.8261654134,4.551030436090227,,,,,,,
2017-02-27 05:30:00,0.0009233486842105261,0.000966255413533834,0.0008455419924812027,0.0008805906390977446,968277.9881522558,7.413124904135337,,,,,,,
2017-03-01 05:30:00,0.0010203999248120307,0.0011431150375939849,0.0009174188721804512,0.0009848609022556386,1069726.5442105264,16.72395678571429,,,,,,,
2017-03-03 05:30:00,0.0010363930827067666,0.0011022497744360904,0.0009726351127819547,0.0010340588345864679,1339549.4804097747,9.168234007142857,,,,,,,
2017-03-05 05:30:00,0.0010242286142322097,0.0010689988389513104,0.0009631551310861427,0.00101606520599251,893451.8389513111,6.863955155430708,,,,,,,
2017-03-07 05:30:00,0.001035384518518519,0.0010737450000000005,0.0009865384444444447,0.0010275273333333335,1108104.1323703704,5.884461153703703,,,,,,,
2017-03-09 05:30:00,0.0010854635661764714,0.0011496073897058817,0.0009698039705882351,0.0010480631985294118,977989.5488602944,11.363175899264704,,,,,,,
2017-03-11 05:30:00,0.001276391875,0.0013260608088235296,0.0011032746323529415,0.0011826799632352937,908137.4425735296,17.88229915588235,,,,,,,
2017-03-13 05:30:00,0.0014098391544117648,0.0015127484926470592,0.0012541799632352943,0.0013317088602941177,2292983.9036764703,24.733549555147075,,,,,,,
2017-03-15 05:30:00,0.0017382392700729915,0.001853167335766423,0.0014646090875912417,0.00157155686131387,1685128.4674087593,45.87942872591244,,,,,,,
2017-03-17 05:30:00,0.0022259186231884053,0.0025004101086956517,0.0017859490217391298,0.0019805885869565196,2347238.770869566,60.58559228985507,,,,,,,
2017-03-19 05:30:00,0.0023861518115942007,0.002627584673913043,0.002198396521739131,0.00239979615942029,2015435.306847827,43.04182861594202,,,,,,,
2017-03-21 05:30:00,0.002219785451263539,0.002427670866425991,0.0020070585198555964,0.002232454801444044,2883969.351155238,47.223296642599294,,,,,,,
2017-03-23 05:30:00,0.002424982669039147,0.002652513024911032,0.0021983179715302486,0.002371171957295373,4150408.9793594284,88.57846733096092,,,,,,,
2017-03-25 05:30:00,0.0024187453546099303,0.002654564184397163,0.0022786033333333324,0.00246561109929078,4092950.9615957476,60.719616464539044,,,,,,,
2017-03-27 05:30:00,0.0022290982332155477,0.002526973710247349,0.002057508091872791,0.0022912250883392214,4255002.551837453,46.461284699646676,,,,,,,
2017-03-29 05:30:00,0.0023452133450704233,0.002483489964788736,0.002206495281690141,0.002329537746478873,6500713.806161969,47.68559646126761,,,,,,,
2017-03-31 05:30:00,0.002205254753521128,0.0024082254225352108,0.0020624818661971844,0.0022721337323943634,6960408.156654935,55.51524619718309,,,,,,,
2017-04-02 05:30:00,0.00201294797202797,0.0022377966433566434,0.0018611787062937071,0.002120914195804195,9436612.822587417,90.92960129370631,,,,,,,
2017-04-04 05:30:00,0.00203054055749129,0.0021454634146341467,0.0018454286759581882,0.001981792473867594,5022257.887003482,53.32484478745641,,,,,,,
2017-04-06 05:30:00,0.0018818343055555563,0.0020704954166666655,0.0017703179861111107,0.0019716318749999993,5508071.3196180565,43.868213125000004,,,,,,,
2017-04-08 05:30:00,0.001917537881944445,0.002077063819444445,0.0018171914236111112,0.0019099660763888884,4112200.1856249967,24.694424704861113,,,,,,,
2017-04-10 05:30:00,0.0018467857986111129,0.0019774620138888893,0.0017723873611111096,0.0018761427083333322,4863277.298472226,29.37164805555556,,,,,,,
2017-04-12 05:30:00,0.0019804873958333327,0.0020473978472222228,0.0018096394791666673,0.0018751813541666672,5467836.522326392,63.61893009027777,,,,,,,
2017-04-14 05:30:00,0.002673073034482758,0.0028237643448275843,0.002488990620689655,0.002577836965517242,7689912.017965516,51.953768586206905,,,,,,,
2017-04-16 05:30:00,0.002736640517241381,0.002852886965517243,0.002647467965517241,0.0027499187241379315,13468387.900275862,71.76427230344827,,,,,,,
2017-04-18 05:30:00,0.002628541385135136,0.0027676316554054053,0.002474570979729729,0.0026424587500000003,11511461.222297292,56.06106077702703,,,,,,,
2017-04-20 05:30:00,0.0025327842333333346,0.0026778195666666664,0.0024088225333333334,0.002551615566666666,7201842.837333339,48.96297033333332,,,,,,,
2017-04-22 05:30:00,0.0026955347333333327,0.00281273796666667,0.0025081807000000016,0.002575076533333334,6365764.553700001,43.7632775,,,,,,,
2017-04-24 05:30:00,0.0028957867666666685,0.0031377747666666692,0.0027461354666666665,0.0028257262000000007,5313788.354333335,57.31081673333328,,,,,,,
2017-04-26 05:30:00,0.0029910512582781447,0.009801570695364234,0.002735492715231787,0.00957352917218543,4569893.676490067,72.49129947019874,,,,,,,
2017-04-28 05:30:00,0.0033075717105263158,0.0034262889144736834,0.0029777226315789475,0.0030739083552631576,4831073.895888159,77.4899894078947,,,,,,,
2017-04-30 05:30:00,0.0034448370454545443,0.01010553603896103,0.003136933116883116,0.009889053019480516,7690417.036688312,96.86794883116883,,,,,,,
2017-05-02 05:30:00,0.003429164516129031,0.0037329132258064504,0.0032177499999999997,0.0034680401935483856,4379702.6176774185,70.56006029032257,,,,,,,
2017-05-04 05:30:00,0.0036013047741935526,0.0037525081935483847,0.0033603498064516102,0.0035026074193548347,8284266.38248387,118.94973454838706,,,,,,,
2017-05-06 05:30:00,0.0038249996451612906,0.004004183419354839,0.003530033451612901,0.0037195161290322584,12355825.794451611,122.22406003225802,,,,,,,
2017-05-08 05:30:00,0.0034721227096774204,0.00391780922580645,0.003107162387096774,0.0037117557096774225,10440811.383838711,184.96081045161282,,,,,,,
2017-05-10 05:30:00,0.0032364415705128245,0.003571243846153846,0.003054197243589741,0.003307586506410257,9289662.348910253,104.5050958333333,,,,,,,
2017-05-12 05:30:00,0.0033343987499999997,0.00349731192307692,0.0031360176602564095,0.00327329737179487,7735971.113493585,99.63080240384615,,,,,,,
2017-05-14 05:30:00,0.0033440776923076908,0.0035118328205128203,0.0031494644230769223,0.003308924967948715,6286861.295192308,96.57739092948717,,,,,,,
2017-05-16 05:30:00,0.0031670518210862603,0.0034455748881789135,0.0030307194888178905,0.0032836204472843434,22853845.61028755,228.17556964856232,,,,,,,
2017-05-18 05:30:00,0.003370419522292992,0.0035817908917197463,0.0030499370382165627,0.0032083109872611433,78845469.57703821,240.45212878980863,,,,,,,
2017-05-20 05:30:00,0.003675677038216558,0.0038609473566878997,0.0033139474203821608,0.003517154458598728,75779370.79292995,225.43457707006363,,,,,,,
2017-05-22 05:30:00,0.004096751269841272,0.004734617682539683,0.0035467025396825366,0.0038640357777777767,79502953.10584126,326.1361918730161,,,,,,,
2017-05-24 05:30:00,0.004053608639240508,0.004601125506329114,0.0037740259810126594,0.004185476044303795,43119136.422405034,323.64031139240507,,,,,,,
2017-05-26 05:30:00,0.0038406590822784776,0.004161087594936709,0.0034793952531645546,0.003895912278481013,25853665.225158233,202.0372833860759,,,,,,,
2017-05-28 05:30:00,0.004000947183544306,0.004199833544303799,0.0037564047151898688,0.0039031686075949312,15230427.690221524,132.55905170886078,,,,,,,
2017-05-30 05:30:00,0.004670192689873418,0.004952180474683545,0.0041016492088607566,0.004302520569620252,16997315.28164556,211.8748129746837,,,,,,,
2017-06-01 05:30:00,0.0049279662025316475,0.005361623481012658,0.004521766518987344,0.004802203670886078,31075732.4011076,267.54322784810137,,,,,,,
2017-06-03 05:30:00,0.005341786025236591,0.005871741671924294,0.00478763779179811,0.005127818832807569,62527718.54914827,400.84993406940066,,,,,,,
2017-06-05 05:30:00,0.005086628463949842,0.005718895235109713,0.004848790188087772,0.005302471504702197,50772213.80764892,351.16617554858937,,,,,,,
2017-06-07 05:30:00,0.005341969749999998,0.005747994499999993,0.004973824718750001,0.005128219812499997,23989442.107312493,288.7099262499999,,,,,,,
2017-06-09 05:30:00,0.0052273422741432995,0.008841425109034273,0.004691707632398755,0.008437473613707164,22394152.400000002,374.2053308411216,,,,,,,
2017-06-11 05:30:00,0.0053797148447204965,0.005708709596273293,0.004895790496894411,0.005194368478260865,21355926.886521753,336.4330074534162,,,,,,,
2017-06-13 05:30:00,0.0059393046583850915,0.0061795872360248475,0.005459949347826086,0.005739653540372669,20694123.822670788,323.8657534161492,,,,,,,
2017-06-15 05:30:00,0.006005970714285715,0.006221431335403729,0.005567721024844715,0.005997975403726707,13474970.511770178,267.2766714285715,,,,,,,
2017-06-17 05:30:00,0.006192891242236026,0.006447836832298135,0.005821670527950304,0.006062997857142855,11008980.366211183,264.2399562111803,,,,,,,
2017-06-19 05:30:00,0.00612713009230769,0.006619630030769236,0.005824437999999996,0.0062323433538461585,21146345.581753854,530.7829766153843,,,,,,,
2017-06-21 05:30:00,0.005821685276073615,0.00625501708588957,0.005478574355828219,0.005869955030674847,12934333.366533745,371.46929447852744,,,,,,,
2017-06-23 05:30:00,0.0060749745731707334,0.0063137556402439,0.005737433536585365,0.005991661646341466,16961672.16137195,299.7572256097561,,,,,,,
2017-06-25 05:30:00,0.00585568286585366,0.00640275862804878,0.005317267621951217,0.0060436831097561,13410947.86981707,333.21115853658523,,,,,,,
2017-06-27 05:30:00,0.005960325609756096,0.00618742875,0.005390296128048778,0.005791651310975611,10335270.937134143,274.98643292682925,,,,,,,
2017-06-29 05:30:00,0.006312517090909089,0.00674089460606061,0.005735732454545451,0.006083383484848481,7927729.520848482,250.40839787878787,,,,,,,
2017-07-01 05:30:00,0.0061421976576576595,0.01844600501501502,0.005744655075075069,0.018015056216216217,7459854.566816818,217.16075075075065,,,,,,,
2017-07-03 05:30:00,0.005974632640949559,0.0063174683679525214,0.005716303798219578,0.006027781572700296,10089856.988842737,216.9549851632048,,,,,,,
2017-07-05 05:30:00,0.006013647441176465,0.0062731058235294184,0.005715666264705884,0.005945757294117653,18504446.54938236,192.7639705882352,,,,,,,
2017-07-07 05:30:00,0.00558738563049854,0.006027498005865104,0.005221723665689152,0.005804502697947213,17065908.551935483,193.32173020527864,,,,,,,
2017-07-09 05:30:00,0.004757594069767437,0.005556498110465116,0.004593558546511623,0.005262362412790697,10155044.961569767,173.1116279069767,,,,,,,
2017-07-11 05:30:00,0.004489258670520231,0.004785251647398844,0.00392696104046243,0.004414813728323698,17352324.28361273,303.8650867052024,,,,,,,
2017-07-13 05:30:00,0.004550296306818181,0.004835101278409092,0.004318736477272726,0.004732772244318184,10073720.741448862,197.0355397727273,,,,,,,
2017-07-15 05:30:00,0.004489627022471909,0.004838689410112361,0.004267593314606742,0.004687507331460678,6931972.173174156,151.07671348314605,,,,,,,
2017-07-17 05:30:00,0.004872658249999998,0.005160415888888892,0.004370331027777779,0.004515965416666666,11553127.764722219,207.13269444444413,,,,,,,
2017-07-19 05:30:00,0.004438892000000003,0.005174728138888887,0.004297935111111111,0.004820449694444444,9238963.744500002,196.90392972222236,,,,,,,
2017-07-21 05:30:00,0.004440079340659339,0.004671367747252747,0.004183189065934065,0.004346079587912089,8101906.657115382,175.20576923076925,,,,,,,
2017-07-23 05:30:00,0.004495934835164834,0.004681444478021977,0.004306675302197805,0.004482339587912084,11560083.871346153,201.59948489011003,,,,,,,
2017-07-25 05:30:00,0.0043362165934065925,0.004540005549450551,0.004154390109890113,0.004396163956043955,9053889.84884615,164.49204945054942,,,,,,,
2017-07-27 05:30:00,0.003920509148351649,0.004323955357142855,0.003764422692307693,0.004250016620879123,6408662.283324177,129.95438818681313,,,,,,,
2017-07-29 05:30:00,0.0038677164560439567,0.004114660769230769,0.0036059245054945073,0.003815458928571428,6271173.24151099,96.23910741758245,,,,,,,
2017-07-31 05:30:00,0.004404198191780824,0.004699705150684927,0.0037707712054794525,0.003945761397260275,10072857.90989041,167.65452328767122,,,,,,,
2017-08-02 05:30:00,0.005566084781420766,0.006856634863387976,0.004858661338797814,0.005486039508196722,10895364.218142077,416.64319890710397,,,,,,,
2017-08-04 05:30:00,0.004454573032786882,0.005090294945355191,0.004288102677595628,0.0049181368306010975,9010501.355874319,376.69060437158487,,,,,,,
2017-08-06 05:30:00,0.004209526975476839,0.004660655912806538,0.003938143596730242,0.004333672670299729,14736967.3619346,418.646891825613,,,,,,,
2017-08-08 05:30:00,0.0043009924728260865,0.00465355277173913,0.003952400597826086,0.004203086086956519,10304736.362527177,427.91877581521743,,,,,,,
2017-08-10 05:30:00,0.004084098532608699,0.00449059331521739,0.0038851716304347823,0.0041863585054347854,19323359.471358694,956.257608695653,,,,,,,
2017-08-12 05:30:00,0.003700512961956528,0.004183967798913042,0.0035059811684782626,0.003968836494565222,16822243.53372282,775.7069021739131,,,,,,,
2017-08-14 05:30:00,0.003355464755434781,0.003767338260869565,0.0031196389673913034,0.003414751603260869,38815002.25304347,674.4189945652175,,,,,,,
2017-08-16 05:30:00,0.003504032201086961,0.003816661304347824,0.0032656861956521775,0.003407914565217389,22749249.048179377,682.6030706521739,,,,,,,
2017-08-18 05:30:00,0.004001432270270272,0.004543292081081083,0.003502608783783787,0.003781976459459456,13094356.99724325,891.6958648648647,,,,,,,
2017-08-20 05:30:00,0.0042558765675675654,0.004677609054054057,0.0039136377837837855,0.004199531918918919,15370137.96089189,632.9218108108109,,,,,,,
2017-08-22 05:30:00,0.004233399972972977,0.004601742864864866,0.00398365210810811,0.0042362911891891866,14323834.505405406,640.6926756756758,,,,,,,
2017-08-24 05:30:00,0.0040980609139785,0.00439310569892473,0.003944845725806446,0.004153566129032254,13782242.541639784,460.2039247311828,,,,,,,
2017-08-26 05:30:00,0.004493480053619303,0.004768557050938337,0.004095235308310992,0.004271398820375336,17727495.781313673,497.9537801608582,,,,,,,
2017-08-28 05:30:00,0.0043375915508021366,0.00473746970588235,0.0041470940909090915,0.00449951558823529,20581487.062379688,654.9948395721922,,,,,,,
2017-08-30 05:30:00,0.004307079545454547,0.004492798689839574,0.004102774545454546,0.0042737648128342255,43951023.34965242,547.3817689839574,,,,,,,
2017-09-01 05:30:00,0.00411332319148936,0.004406427845744683,0.003908341888297871,0.004225817127659573,30515253.542260636,559.5446542553192,,,,,,,
2017-09-03 05:30:00,0.00424127783641161,0.004615440659630606,0.0040335671767810005,0.004484056174142477,22604540.289050136,542.5891556728233,,,,,,,
2017-09-05 05:30:00,0.004590216387434554,0.004816077408376964,0.0042457748952879565,0.004445226806282721,26577229.50075914,454.86886439790584,,,,,,,
2017-09-07 05:30:00,0.004627212931937175,0.004991929502617799,0.004397983350785341,0.004688550418848167,15896578.938717293,563.2722471204187,,,,,,,
2017-09-09 05:30:00,0.0044708967539267026,0.004644439188481674,0.00432703732984293,0.004548885026178009,13085652.462958118,284.3423612565444,,,,,,,
2017-09-11 05:30:00,0.004520321125654449,0.004773984554973824,0.0042959430628272234,0.004517158664921469,17173594.55360211,403.33568658900555,,,,,,,
2017-09-13 05:30:00,0.004325620759162306,0.004603823246073302,0.004156327382198957,0.004443539162303664,20487711.691073302,440.8177882198955,,,,,,,
2017-09-15 05:30:00,0.0042345689267015724,0.004443258638743456,0.003941528272251311,0.0042118690314136165,34246379.54290577,406.3548358638739,,,,,,,
2017-09-17 05:30:00,0.004262341204188478,0.004412883219895288,0.004129990575916232,0.004254390261780107,17908907.781387445,291.789109947644,,,,,,,
2017-09-19 05:30:00,0.004371157643979058,0.004556183350785341,0.004159944947643977,0.00434233316753927,21173125.743089017,305.23018324607324,,,,,,,
2017-09-21 05:30:00,0.004209516989528796,0.004391973141361255,0.004085282146596856,0.0042520085602094256,23710988.988010492,272.25623036649205,,,,,,,
2017-09-23 05:30:00,0.004291452460732987,0.0043947520942408365,0.004174998010471206,0.004253243481675393,31662996.902015712,192.89649214659687,,,,,,,
2017-09-25 05:30:00,0.004303143455497384,0.0044371219895287944,0.004183170366492146,0.004305244136125651,71215764.25984284,307.62348167539284,,,,,,,
2017-09-27 05:30:00,0.004212264603580561,0.004538070869565215,0.004048976291560102,0.004219534271099746,35925219.17800513,489.23491048593337,,,,,,,
2017-09-29 05:30:00,0.0039766871500000025,0.004144682725000001,0.0038767130250000024,0.004062772950000002,18695748.062175,323.6708000000002,,,,,,,
2017-10-01 05:30:00,0.0037399637064676632,0.003942970373134327,0.0036552540796019896,0.0038563673880597023,28361530.488283567,378.0540410447763,,,,,,,
2017-10-03 05:30:00,0.0035849585074626865,0.003755123930348261,0.003468995149253731,0.0036614929104477577,17558421.998656727,286.81487562189034,,,,,,,
2017-10-05 05:30:00,0.00352076047263682,0.003645372363184084,0.00340889512437811,0.0035284661691542285,12701395.932512436,221.80429353233856,,,,,,,
2017-10-07 05:30:00,0.003320275870646764,0.003557839900497511,0.0032641848258706503,0.0034945623880597012,14869658.082189066,256.18064676616916,,,,,,,
2017-10-09 05:30:00,0.0029332065422885568,0.0031780200995024884,0.0027428712189054728,0.00303700291044776,15823293.314925369,276.13360696517395,,,,,,,
2017-10-11 05:30:00,0.0027620941809290943,0.0030612245232273893,0.0026908984841075797,0.0029298809779951087,15046217.793154035,262.2384841075793,,,,,,,
2017-10-13 05:30:00,0.002533396067146283,0.0027141122781774597,0.002362096570743406,0.0025550469784172665,17557870.16947242,311.43929832134273,,,,,,,
2017-10-15 05:30:00,0.0024781347857142848,0.0026195991428571413,0.0024028946666666672,0.002490348785714284,23354415.638047628,268.5953990476189,,,,,,,
2017-10-17 05:30:00,0.0025441860900473935,0.002744750071090049,0.0024112583175355455,0.0025114255687203792,15215257.483530805,247.54617938388628,,,,,,,
2017-10-19 05:30:00,0.0023635472274881513,0.0025685659478672978,0.0022965457582938397,0.002487759075829385,11970368.374763044,231.1089556872038,,,,,,,
2017-10-21 05:30:00,0.002226448838862557,0.002364769834123222,0.002138973009478672,0.0022458063744075834,12101152.897559239,185.1822803317537,,,,,,,
2017-10-23 05:30:00,0.00229976184834123,0.0024449353080568735,0.0021055371563981056,0.0021938660900473936,25246097.13471564,264.8638957345971,,,,,,,
2017-10-25 05:30:00,0.002355361158392434,0.0025318197872340404,0.0022865941843971636,0.002413914633569741,12759748.342104023,204.91930425531913,,,,,,,
2017-10-27 05:30:00,0.0024547520754716985,0.0025362427358490555,0.0023067169339622633,0.0023733632311320747,8208613.548160382,180.8324563679245,,,,,,,
2017-10-29 05:30:00,0.0024362827594339603,0.002672025542452828,0.0023435197169811304,0.0024568050235849047,93538574.24410385,250.1048113207549,,,,,,,
2017-10-31 05:30:00,0.0022501421933962254,0.0024789046698113185,0.002166492004716981,0.0023498779009433965,20738197.708679236,303.0464929245282,,,,,,,
2017-11-02 05:30:00,0.0022231484198113214,0.0023763631132075465,0.002020248136792453,0.0022028099056603774,20155929.93351415,300.87269999999995,,,,,,,
2017-11-04 05:30:00,0.002158857311320754,0.0022905660377358487,0.0020554708726415074,0.0022264420283018855,14677864.523702815,181.34475448113193,,,,,,,
2017-11-06 05:30:00,0.0022483562264150924,0.0023375740094339617,0.0021386671933962273,0.0021939949528301875,19131926.00728775,196.0902271226416,,,,,,,
2017-11-08 05:30:00,0.002452213496801704,0.0025910142430703646,0.002214896588486141,0.002327600149253731,23244318.655479737,317.5969722814499,,,,,,,
2017-11-10 05:30:00,0.0036164740000000006,0.003941574191489362,0.002701420468085106,0.002861051042553192,15228800.995893616,464.35331914893675,,,,,,,
2017-11-12 05:30:00,0.00416207525531915,0.005738201574468086,0.003293651063829787,0.004239521340425537,14351848.683723392,785.8709148936168,,,,,,,
2017-11-14 05:30:00,0.003633181687242797,0.00819425281893005,0.003451953765432104,0.008036175576131689,21701694.3546502,348.0662028806584,,,,,,,
2017-11-16 05:30:00,0.0030300537096774197,0.0034701826612903216,0.0027079356451612867,0.0031086608669354844,17744436.51024194,381.75550120967756,,,,,,,
2017-11-18 05:30:00,0.0032375057258064504,0.003581228810483873,0.003105800080645162,0.0032844706653225833,10265074.87649194,375.43525584677406,,,,,,,
2017-11-20 05:30:00,0.0033234586921529184,0.003639366056338025,0.003109045875251511,0.0032756578470824927,15540725.361267596,412.6486116700206,,,,,,,
2017-11-22 05:30:00,0.0038265386546184727,0.004002978012048193,0.0033599923293172683,0.0034617466064257043,34591322.74044176,483.0721887550197,,,,,,,
2017-11-24 05:30:00,0.0040217024297188745,0.004417455983935743,0.0037449457028112467,0.004121916726907627,17469400.950481925,503.2835742971884,,,,,,,
2017-11-26 05:30:00,0.0037042480722891576,0.004019227771084336,0.003526188574297186,0.0038467099598393597,25595764.477469888,465.02156626506047,,,,,,,
2017-11-28 05:30:00,0.003302868196392786,0.003705988476953911,0.003174004368737473,0.003509297615230459,34271006.11933869,599.1891983967939,,,,,,,
2017-11-30 05:30:00,0.0031615126494023917,0.0033680075298804786,0.003009208944223109,0.0031743279482071714,18682577.02828684,377.8341067729082,,,,,,,
2017-12-02 05:30:00,0.0030749773107569683,0.003247306215139447,0.0029687163545816728,0.0030942264741035826,26209319.11824701,406.1386055776891,,,,,,,
2017-12-04 05:30:00,0.003025713346613544,0.0032125047011952188,0.0027132346812749003,0.0030925859362549812,38983140.61021914,526.967470119522,,,,,,,
2017-12-06 05:30:00,0.00210696141434263,0.0027758080677290848,0.0019944503585657383,0.0026712269123506,47167216.89492031,616.9780478087647,,,,,,,
2017-12-08 05:30:00,0.002185427569721115,0.0025641396015936265,0.0018570757768924299,0.0019651822310756944,28071554.011573713,473.48675298804807,,,,,,,
2017-12-10 05:30:00,0.002120715697211155,0.002350992629482072,0.0019524252589641438,0.0021882080677290867,20515714.014143426,368.03314741035877,,,,,,,
2017-12-12 05:30:00,0.00252336780876494,0.0026557992231075692,0.002201162988047809,0.0022975779083665333,44508253.15587651,626.8421513944221,,,,,,,
2017-12-14 05:30:00,0.00258761651851852,0.002879630370370367,0.002261813166666667,0.0025999512777777783,58909187.85011113,706.9550185185177,,,,,,,
2017-12-16 05:30:00,0.0024210218518518527,0.0026776601851851893,0.002240146444444444,0.002393655166666665,119433062.44338892,710.2999074074071,,,,,,,
2017-12-18 05:30:00,0.0030714631111111107,0.0032955352222222224,0.002587904462962962,0.0026753094629629643,69932409.58420369,890.621444444445,,,,,,,
2017-12-20 05:30:00,0.004137972240740743,0.004750184574074076,0.0034887082962962957,0.0037595000740740757,140173182.74812964,1191.4543040740737,,,,,,,
2017-12-22 05:30:00,0.0038629044259259303,0.004181367574074069,0.0034921578148148147,0.0039061120185185172,94236332.36009257,1039.3473518518513,,,,,,,
2017-12-24 05:30:00,0.004067754148148143,0.004248890018518516,0.003837201740740745,0.004002553796296299,91494450.0295741,939.9882222222226,,,,,,,
2017-12-26 05:30:00,0.00372069874074074,0.00407250622222222,0.003519960351851851,0.003927266833333333,71280684.7439074,933.1789074074079,,,,,,,
2017-12-28 05:30:00,0.003837669537037038,0.004046583722222225,0.0035723472777777756,0.0037312178518518506,59383781.958333306,977.1399444444437,,,,,,,
2017-12-30 05:30:00,0.0038394995571955754,0.004045021070110699,0.003686046070110706,0.0038851547232472317,62590451.38201107,1184.4236136531376,,,,,,,
2018-01-01 05:30:00,0.003958193191881921,0.004296583025830251,0.0037166417343173458,0.00388050819188192,77484217.49263832,1239.942121771218,,,,,,,
2018-01-03 05:30:00,0.003871516457564577,0.004204392177121771,0.003705207398523987,0.003938181476014757,95569384.66607009,1765.3130627306275,,,,,,,
2018-01-05 05:30:00,0.003388620087719297,0.0038883758596491226,0.0031421731228070235,0.003457898719298245,83190603.54796495,1607.885859649122,,,,,,,
2018-01-07 05:30:00,0.00388068752631579,0.004094224403508772,0.003550322333333335,0.0036540978070175416,59626779.33812283,1225.6268245614035,,,,,,,
2018-01-09 05:30:00,0.00427285303508772,0.004594972210526312,0.003915026385964915,0.004090361385964907,50929771.65592979,1376.510385964911,,,,,,,
2018-01-11 05:30:00,0.004344631202090598,0.0046082233972125405,0.004105838554006966,0.004264280296167249,36466538.2187805,1103.267473867595,,,,,,,
2018-01-13 05:30:00,0.0046075715853658526,0.004922016254355402,0.004365055418118463,0.0045617829442508705,28411615.06428571,1037.5910452961675,,,,,,,
2018-01-15 05:30:00,0.004155192160278752,0.004636235470383271,0.0038245164285714275,0.004434048588850175,47654821.85085367,1027.3113414634138,,,,,,,
2018-01-17 05:30:00,0.004121090104347825,0.004342897913043479,0.0037822398434782627,0.004044291669565212,59228617.107530385,1073.3200521739136,,,,,,,
2018-01-19 05:30:00,0.004176666423611112,0.004388940434027778,0.003954699357638888,0.00415551484375,29718266.729982648,755.0724131944446,,,,,,,
2018-01-21 05:30:00,0.004039027899305561,0.004230930954861114,0.003909911059027774,0.004116886024305554,25509149.391701374,665.099149305556,,,,,,,
2018-01-23 05:30:00,0.004016437986111113,0.00415557543402778,0.003899541770833329,0.004014454895833331,20462058.358645834,641.1814470486111,,,,,,,
2018-01-25 05:30:00,0.004051428784722223,0.004180538385416665,0.003933923038194443,0.004046811666666669,16137542.087239586,536.0142361111112,,,,,,,
2018-01-27 05:30:00,0.004079942725694448,0.004179968663194446,0.003913250625000001,0.004023519079861113,14617866.364079865,496.2813723958336,,,,,,,
2018-01-29 05:30:00,0.004088061594454074,0.004247893691507797,0.003989391317157711,0.004131984367417676,14411940.583223578,481.06300363951493,,,,,,,
2018-01-31 05:30:00,0.0040679803979238715,0.004281353079584776,0.003908164619377166,0.004064648598615915,16617474.748771634,503.9224740484429,,,,,,,
2018-02-02 05:30:00,0.004058671747404844,0.004268507560553633,0.003686042854671283,0.004029852266435988,23595206.500501726,568.61330449827,,,,,,,
2018-02-04 05:30:00,0.003882042162629759,0.004148684134948099,0.003723308339100349,0.004041162802768167,15084533.506193776,428.6047695501732,,,,,,,
2018-02-06 05:30:00,0.003859737034482755,0.004027457620689658,0.003608869086206898,0.00381833203448276,20324007.33101724,514.6852175862066,,,,,,,
2018-02-08 05:30:00,0.004062360085616431,0.004200239366438357,0.003798517876712325,0.003901178681506851,10908565.926866436,234.34261327054793,,,,,,,
2018-02-10 05:30:00,0.004070982071917809,0.004238239982876712,0.003963840171232872,0.004116621797945205,19581205.32166096,443.0097523972602,,,,,,,
2018-02-12 05:30:00,0.003919062207357861,0.004055523277591975,0.0038336393478260867,0.003941819882943145,9308029.578361206,330.7856968227424,,,,,,,
2018-02-14 05:30:00,0.003915813762541803,0.0041118381103678985,0.0037844874414715694,0.0039641643478260805,13959679.479749158,479.8718586956522,,,,,,,
2018-02-16 05:30:00,0.003829404615384616,0.004022496137123745,0.0037081840802675606,0.003879723662207359,18832371.949214052,424.84701956521707,43.0491877311621,14.501940633279698,,,,,
2018-02-18 05:30:00,0.0036671461705685615,0.003845842240802676,0.0035889143979933114,0.0037288261872909724,10698465.175401337,352.28441187290963,39.92920209433263,14.063809682977071,,,,,
2018-02-20 05:30:00,0.0033440523913043493,0.0035911533612040148,0.003216221371237457,0.0034716633110367873,31150613.483795997,412.3684857859532,35.68097674452541,12.60952354861143,0.004241636200638387,0.003930455427335642,0.0036192746540328943,,
2018-02-22 05:30:00,0.0033854464046822724,0.00350576737458194,0.0032570252341137117,0.0033539962374581956,16044204.055752518,354.39082926421435,36.92169495449553,11.821661070208172,0.004208363619351955,0.0038883959602076146,0.003568428301063273,,
2018-02-24 05:30:00,0.003462181923076926,0.0035523435284280907,0.0033355778929765874,0.0034234356354515046,17357882.34535118,363.7991396321069,39.08014448870991,11.844995523578614,0.004178720856504583,0.0038473944238754335,0.003516067991246282,,
2018-02-26 05:30:00,0.0033531655685618746,0.0035423716220735813,0.003283022826086959,0.0034419232274247456,13703420.875903014,372.12950100334433,37.86956683364982,11.400045051368748,0.004125106294762178,0.003780333034305319,0.0034355597738484588,,
2018-02-28 05:30:00,0.003248801930116473,0.003431391031613974,0.003122267470881864,0.003280166256239602,23388597.545673884,399.76808369384355,37.6556936193495,10.29637360266286,0.004075873610276982,0.0037106964460616445,0.0033455192818463058,,
2018-03-02 05:30:00,0.0031232536589404013,0.0032887721192053,0.003042359337748344,0.003201753145695363,26682659.648096014,378.16931721854286,40.10688392967315,10.268179602492951,0.003955770747852178,0.0035890232631133685,0.0032222757783745616,,
2018-03-04 05:30:00,0.0030854707615894056,0.003224229271523181,0.0030060844039735087,0.003087298394039733,14315411.143841049,305.9726087748346,39.52491832848292,11.064630512948217,0.003831082854794728,0.003470263541806021,0.0031094442288173126,,
2018-03-06 05:30:00,0.0030844396357615866,0.0032284427814569536,0.0029762853807947017,0.0030841229304635763,17301183.986738414,366.850201821192,38.41745901802357,12.631896999912463,0.0037219929956391206,0.0033877730852842802,0.0030535531749294443,,
2018-03-08 05:30:00,0.0030389015728476817,0.0031505381125827795,0.0029018718211920543,0.0030327871854304656,17657680.454850994,299.18774370860933,37.662879093783864,12.522958584949853,0.003598799924302272,0.0033089293035117053,0.003019058682721135,,
2018-03-10 05:30:00,0.003053899254966887,0.003182392764900661,0.0029802729304635746,0.0030644066225165587,12654644.209221872,190.62773443708602,37.273430832899784,11.385230866724491,0.003491718200940112,0.003248074447324413,0.0030044306937087174,,
2018-03-12 05:30:00,0.002997971788079471,0.003071348907284769,0.002942465198675498,0.0030289913079470216,11105679.702450324,137.46602107947018,37.654661938657874,10.882806017523603,0.0034388045589343443,0.003211642214882943,0.002984479870831544,,
