exchange,coin,time,open,high,low,close,volumeto
Binance,STRAT,2017-09-28 05:30:00,0.001131,0.001217,0.001115,0.001142,216.48
Binance,STRAT,2017-09-29 05:30:00,0.001142,0.001166,0.001059,0.001074,121.36
Binance,STRAT,2017-09-30 05:30:00,0.001074,0.001166,0.001007,0.0010220000000000001,195.03
Binance,STRAT,2017-10-01 05:30:00,0.0010220000000000001,0.00105,0.000923,0.0009429999999999999,183.38
Binance,STRAT,2017-10-02 05:30:00,0.0009429999999999999,0.001001,0.000865,0.0008869999999999999,177.06
Binance,STRAT,2017-10-03 05:30:00,0.0008869999999999999,0.000984,0.00075,0.000886,225.24
Binance,STRAT,2017-10-04 05:30:00,0.000886,0.0009480000000000001,0.000833,0.0008619999999999999,224.25
Binance,STRAT,2017-10-05 05:30:00,0.0008619999999999999,0.000872,0.000805,0.000822,194.3
Binance,STRAT,2017-10-06 05:30:00,0.000822,0.0008789999999999999,0.000822,0.0008470000000000001,197.71
Binance,STRAT,2017-10-07 05:30:00,0.0008470000000000001,0.000944,0.0008119999999999999,0.000877,228.52
Binance,STRAT,2017-10-08 05:30:00,0.000877,0.00098,0.000734,0.0007610000000000001,219.59
Binance,STRAT,2017-10-09 05:30:00,0.0007610000000000001,0.000813,0.000651,0.0007030000000000001,151.99
Binance,STRAT,2017-10-10 05:30:00,0.0007030000000000001,0.0007440000000000001,0.000678,0.0007160000000000001,160.08
Binance,STRAT,2017-10-11 05:30:00,0.0007160000000000001,0.0007639999999999999,0.000696,0.000731,179.17
Binance,STRAT,2017-10-12 05:30:00,0.000731,0.000734,0.000576,0.000579,103.87
Binance,STRAT,2017-10-13 05:30:00,0.000579,0.000595,0.000524,0.000554,199.72
Binance,STRAT,2017-10-14 05:30:00,0.000554,0.0005650000000000001,0.0001,0.000489,409.47
Binance,STRAT,2017-10-15 05:30:00,0.000489,0.000563,0.00048600000000000005,0.00053,435.89
Binance,STRAT,2017-10-16 05:30:00,0.00053,0.0005549999999999999,0.0004969999999999999,0.000518,410.17
Binance,STRAT,2017-10-17 05:30:00,0.000518,0.000551,0.0004969999999999999,0.000549,425.71
Binance,STRAT,2017-10-18 05:30:00,0.000549,0.000641,0.000525,0.000571,539.58
Binance,STRAT,2017-10-19 05:30:00,0.000571,0.0006,0.00053,0.000542,450.78
Binance,STRAT,2017-10-20 05:30:00,0.000542,0.000593,0.000475,0.000496,443.35
Binance,STRAT,2017-10-21 05:30:00,0.000496,0.000541,0.000436,0.000499,332.81
Binance,STRAT,2017-10-22 05:30:00,0.000499,0.000584,0.000482,0.000529,443.27
Binance,STRAT,2017-10-23 05:30:00,0.000529,0.000667,0.000516,0.0005769999999999999,574.1
Binance,STRAT,2017-10-24 05:30:00,0.0005769999999999999,0.0007379999999999999,0.000554,0.000735,643.24
Binance,STRAT,2017-10-25 05:30:00,0.000735,0.0008880000000000001,0.000692,0.000869,608.16
Binance,STRAT,2017-10-26 05:30:00,0.000869,0.000875,0.000663,0.0007440000000000001,774.3
Binance,STRAT,2017-10-27 05:30:00,0.0007440000000000001,0.000834,0.000705,0.000759,631.08
Binance,STRAT,2017-10-28 05:30:00,0.000759,0.000825,0.00073,0.0007509999999999999,556.02
Binance,STRAT,2017-10-29 05:30:00,0.0007509999999999999,0.000781,0.000634,0.000656,541.74
Binance,STRAT,2017-10-30 05:30:00,0.000656,0.000743,0.000606,0.000621,563.98
Binance,STRAT,2017-10-31 05:30:00,0.000621,0.000621,0.0005,0.000522,448.64
Binance,STRAT,2017-11-01 05:30:00,0.000522,0.00053,0.000452,0.000452,352.14
Binance,STRAT,2017-11-02 05:30:00,0.000452,0.00046699999999999997,0.000337,0.000411,342.38
Binance,STRAT,2017-11-03 05:30:00,0.000411,0.000466,0.000371,0.000442,337.67
Binance,STRAT,2017-11-04 05:30:00,0.000442,0.00046399999999999995,0.000396,0.00040599999999999995,368.7
Binance,STRAT,2017-11-05 05:30:00,0.00040599999999999995,0.000426,0.00037799999999999997,0.000413,305.83
Binance,STRAT,2017-11-06 05:30:00,0.000413,0.00044699999999999997,0.0004,0.000436,360.97
Binance,STRAT,2017-11-07 05:30:00,0.000436,0.000437,0.00040599999999999995,0.00042300000000000004,312.22
Binance,STRAT,2017-11-08 05:30:00,0.00042300000000000004,0.000528,0.000383,0.00047999999999999996,384.6
Binance,STRAT,2017-11-09 05:30:00,0.00047999999999999996,0.000549,0.00047599999999999997,0.000533,406.91
Binance,STRAT,2017-11-10 05:30:00,0.000533,0.000533,0.000455,0.000482,335.4
Binance,STRAT,2017-11-11 05:30:00,0.000482,0.000525,0.000472,0.000517,365.12
Binance,STRAT,2017-11-12 05:30:00,0.000517,0.000522,0.00047300000000000006,0.000488,324.1
Binance,STRAT,2017-11-13 05:30:00,0.000488,0.000525,0.000478,0.0004980000000000001,352.35
Binance,STRAT,2017-11-14 05:30:00,0.0004980000000000001,0.0005679999999999999,0.000487,0.000538,395.13
Binance,STRAT,2017-11-15 05:30:00,0.000538,0.000582,0.00048499999999999997,0.000513,369.2
Binance,STRAT,2017-11-16 05:30:00,0.000513,0.000519,0.000395,0.00042,348.67
Binance,STRAT,2017-11-17 05:30:00,0.00042,0.000453,0.000396,0.00043799999999999997,310.74
Binance,STRAT,2017-11-18 05:30:00,0.00043799999999999997,0.00045999999999999996,0.00042800000000000005,0.00044800000000000005,344.61
Binance,STRAT,2017-11-19 05:30:00,0.00044800000000000005,0.00048499999999999997,0.00040300000000000004,0.00042800000000000005,325.58
Binance,STRAT,2017-11-20 05:30:00,0.00042800000000000005,0.000446,0.00041,0.00042199999999999996,304.16
Binance,STRAT,2017-11-21 05:30:00,0.00042199999999999996,0.000472,0.000405,0.000426,349.52
Binance,STRAT,2017-11-22 05:30:00,0.000426,0.000454,0.00042300000000000004,0.000453,348.61
Binance,STRAT,2017-11-23 05:30:00,0.000453,0.00055,0.00045099999999999996,0.000496,475.18
Binance,STRAT,2017-11-24 05:30:00,0.000496,0.000524,0.000463,0.0005139999999999999,370.4
Binance,STRAT,2017-11-25 05:30:00,0.0005139999999999999,0.000584,0.0005110000000000001,0.000542,475.65
Binance,STRAT,2017-11-26 05:30:00,0.000542,0.000553,0.000466,0.000487,405.32
Binance,STRAT,2017-11-27 05:30:00,0.000487,0.0005639999999999999,0.00046399999999999995,0.000553,457.96
Binance,STRAT,2017-11-28 05:30:00,0.000553,0.000656,0.000509,0.000655,727.43
Binance,STRAT,2017-11-29 05:30:00,0.000655,0.000677,0.00048300000000000003,0.000495,731.57
Binance,STRAT,2017-11-30 05:30:00,0.000495,0.000585,0.000481,0.000529,534.44
Binance,STRAT,2017-12-01 05:30:00,0.000529,0.000558,0.0005099999999999999,0.000519,453.41
Binance,STRAT,2017-12-02 05:30:00,0.000519,0.0005549999999999999,0.0005099999999999999,0.000541,370.63
Binance,STRAT,2017-12-03 05:30:00,0.000541,0.00059,0.0005269999999999999,0.000545,391.89
Binance,STRAT,2017-12-04 05:30:00,0.000545,0.000651,0.000533,0.000644,499.29
Binance,STRAT,2017-12-05 05:30:00,0.000644,0.000695,0.000599,0.000638,786.05
Binance,STRAT,2017-12-06 05:30:00,0.000638,0.000642,0.000529,0.000549,639.11
Binance,STRAT,2017-12-07 05:30:00,0.000549,0.000782,0.00048600000000000005,0.000516,1199.75
Binance,STRAT,2017-12-08 05:30:00,0.000516,0.00065,0.000439,0.0005549999999999999,686.96
Binance,STRAT,2017-12-09 05:30:00,0.0005549999999999999,0.000646,0.000532,0.00061,609.41
Binance,STRAT,2017-12-10 05:30:00,0.00061,0.000679,0.000524,0.000594,627.61
Binance,STRAT,2017-12-11 05:30:00,0.000594,0.000675,0.000556,0.000634,678.46
Binance,STRAT,2017-12-12 05:30:00,0.000634,0.000665,0.000563,0.000588,613.49
Binance,STRAT,2017-12-13 05:30:00,0.000588,0.000596,0.00055,0.0005769999999999999,542.09
Binance,STRAT,2017-12-14 05:30:00,0.0005769999999999999,0.000616,0.000559,0.000595,520.03
Binance,STRAT,2017-12-15 05:30:00,0.000595,0.000596,0.0005009999999999999,0.00056,433.22
Binance,STRAT,2017-12-16 05:30:00,0.00056,0.000602,0.0005059999999999999,0.000556,373.65
Binance,STRAT,2017-12-17 05:30:00,0.000556,0.0006360000000000001,0.0005269999999999999,0.000575,510.95
Binance,STRAT,2017-12-18 05:30:00,0.000575,0.000749,0.000572,0.000668,652.94
Binance,STRAT,2017-12-19 05:30:00,0.000668,0.000749,0.00063,0.0006929999999999999,573.74
Binance,STRAT,2017-12-20 05:30:00,0.0006929999999999999,0.0007059999999999999,0.00061,0.000679,568.92
Binance,STRAT,2017-12-21 05:30:00,0.000679,0.000872,0.000675,0.000822,1355.44
Binance,STRAT,2017-12-22 05:30:00,0.000822,0.0008470000000000001,0.000643,0.000735,926.15
Binance,STRAT,2017-12-23 05:30:00,0.000735,0.0010630000000000001,0.000711,0.0009310000000000001,1472.45
Binance,STRAT,2017-12-24 05:30:00,0.0009310000000000001,0.001124,0.0008759999999999999,0.001029,1621.73
Binance,STRAT,2017-12-25 05:30:00,0.001029,0.0012,0.000965,0.00109,1353.29
Binance,STRAT,2017-12-26 05:30:00,0.00109,0.00115,0.0008210000000000001,0.0009310000000000001,1282.99
Binance,STRAT,2017-12-27 05:30:00,0.0009310000000000001,0.0009599999999999999,0.000775,0.0008900000000000001,753.32
Binance,STRAT,2017-12-28 05:30:00,0.0008900000000000001,0.001059,0.000813,0.000981,846.64
Binance,STRAT,2017-12-29 05:30:00,0.000981,0.0010960000000000002,0.0009699999999999999,0.0010429999999999999,710.12
Binance,STRAT,2017-12-30 05:30:00,0.0010429999999999999,0.001068,0.0009660000000000001,0.001013,588.21
Binance,STRAT,2017-12-31 05:30:00,0.001013,0.001049,0.000975,0.001006,516.9
Binance,STRAT,2018-01-01 05:30:00,0.001006,0.001289,0.00099,0.001166,1172.07
Binance,STRAT,2018-01-02 05:30:00,0.001166,0.001218,0.000893,0.001083,865.61
Binance,STRAT,2018-01-03 05:30:00,0.001083,0.001173,0.0009699999999999999,0.001105,634.96
Binance,STRAT,2018-01-04 05:30:00,0.001105,0.0011949999999999999,0.00101,0.001046,815.59
Binance,STRAT,2018-01-05 05:30:00,0.001046,0.001131,0.00086,0.000895,620.06
Binance,STRAT,2018-01-06 05:30:00,0.000895,0.001041,0.00085,0.000935,449.36
Binance,STRAT,2018-01-07 05:30:00,0.000935,0.001082,0.0009220000000000001,0.001048,477.87
Binance,STRAT,2018-01-08 05:30:00,0.001048,0.001596,0.001048,0.001465,2229.66
Binance,STRAT,2018-01-09 05:30:00,0.001465,0.00162,0.001288,0.001327,1239.08
Binance,STRAT,2018-01-10 05:30:00,0.001327,0.00139,0.0012380000000000002,0.001289,517.17
Binance,STRAT,2018-01-11 05:30:00,0.001289,0.0013039999999999998,0.0011300000000000001,0.0012050000000000001,592.0
Binance,STRAT,2018-01-12 05:30:00,0.0012050000000000001,0.00146,0.00118,0.001342,731.76
Binance,STRAT,2018-01-13 05:30:00,0.001342,0.00143,0.001282,0.00139,410.34
Binance,STRAT,2018-01-14 05:30:00,0.00139,0.001474,0.001276,0.001448,535.72
Binance,STRAT,2018-01-15 05:30:00,0.001448,0.0016809999999999998,0.001352,0.0015300000000000001,1582.02
Binance,STRAT,2018-01-16 05:30:00,0.0015300000000000001,0.0015480000000000001,0.001135,0.001323,878.61
Binance,STRAT,2018-01-17 05:30:00,0.001323,0.0014,0.001104,0.001322,698.11
Binance,STRAT,2018-01-18 05:30:00,0.001322,0.001398,0.00124,0.001281,633.75
Binance,STRAT,2018-01-19 05:30:00,0.001281,0.001343,0.0012490000000000001,0.001292,357.99
Binance,STRAT,2018-01-20 05:30:00,0.001292,0.00133,0.001189,0.001255,441.73
Binance,STRAT,2018-01-21 05:30:00,0.001255,0.001255,0.0011099999999999999,0.001164,388.66
Binance,STRAT,2018-01-22 05:30:00,0.001164,0.001209,0.001058,0.001075,515.48
Binance,STRAT,2018-01-23 05:30:00,0.001075,0.00119,0.0010609999999999999,0.0011539999999999999,455.38
Binance,STRAT,2018-01-24 05:30:00,0.0011539999999999999,0.0011619999999999998,0.001103,0.001123,283.44
Binance,STRAT,2018-01-25 05:30:00,0.001123,0.001151,0.001101,0.0011300000000000001,283.26
Binance,STRAT,2018-01-26 05:30:00,0.0011300000000000001,0.001295,0.001073,0.001204,789.45
Binance,STRAT,2018-01-27 05:30:00,0.001204,0.001415,0.001201,0.0012720000000000001,1269.48
Binance,STRAT,2018-01-28 05:30:00,0.0012720000000000001,0.001282,0.001196,0.001225,494.11
Binance,STRAT,2018-01-29 05:30:00,0.001225,0.0013,0.0012,0.001292,457.62
Binance,STRAT,2018-01-30 05:30:00,0.001292,0.00131,0.001167,0.001181,469.26
Binance,STRAT,2018-01-31 05:30:00,0.001181,0.001268,0.001135,0.001201,398.84
Binance,STRAT,2018-02-01 05:30:00,0.001201,0.001253,0.001067,0.001108,388.14
Binance,STRAT,2018-02-02 05:30:00,0.001108,0.001111,0.000909,0.001056,555.93
Binance,STRAT,2018-02-03 05:30:00,0.001056,0.001099,0.001013,0.001065,248.04
Binance,STRAT,2018-02-04 05:30:00,0.001065,0.001065,0.0009369999999999999,0.000962,382.86
Binance,STRAT,2018-02-05 05:30:00,0.000962,0.000995,0.00082,0.000872,372.53
Binance,STRAT,2018-02-06 05:30:00,0.000872,0.000932,0.0007650000000000001,0.000875,464.62
Binance,STRAT,2018-02-07 05:30:00,0.000875,0.00093,0.000822,0.000839,434.52
Binance,STRAT,2018-02-08 05:30:00,0.000839,0.0008449999999999999,0.0008300000000000001,0.0008449999999999999,4.05
Binance,STRAT,2018-02-09 05:30:00,0.0008449999999999999,0.0009570000000000001,0.0008410000000000001,0.000932,268.74
Binance,STRAT,2018-02-10 05:30:00,0.000932,0.0009599999999999999,0.0008349999999999999,0.000897,386.75
Binance,STRAT,2018-02-11 05:30:00,0.000897,0.000907,0.000825,0.0008539999999999999,200.79
Binance,STRAT,2018-02-12 05:30:00,0.0008539999999999999,0.0008960000000000001,0.0008179999999999999,0.0008849999999999999,280.15
Binance,STRAT,2018-02-13 05:30:00,0.0008849999999999999,0.000936,0.000874,0.000916,453.71
Binance,STRAT,2018-02-14 05:30:00,0.000916,0.001039,0.0009109999999999999,0.0009699999999999999,848.64
Binance,STRAT,2018-02-15 05:30:00,0.0009699999999999999,0.001019,0.000901,0.0009199999999999999,420.98
Binance,STRAT,2018-02-16 05:30:00,0.0009199999999999999,0.0009539999999999999,0.000891,0.0009199999999999999,268.29
Binance,STRAT,2018-02-17 05:30:00,0.0009199999999999999,0.0009400000000000001,0.0008410000000000001,0.0008619999999999999,351.39
Binance,STRAT,2018-02-18 05:30:00,0.0008619999999999999,0.000892,0.000834,0.0008640000000000001,309.64
Binance,STRAT,2018-02-19 05:30:00,0.0008640000000000001,0.000921,0.000825,0.000869,642.57
Binance,STRAT,2018-02-20 05:30:00,0.000869,0.0008869999999999999,0.000771,0.0007740000000000001,445.33
Binance,STRAT,2018-02-21 05:30:00,0.0007740000000000001,0.0008,0.000727,0.0007599999999999999,377.38
Binance,STRAT,2018-02-22 05:30:00,0.0007599999999999999,0.000767,0.000696,0.000717,318.37
Binance,STRAT,2018-02-23 05:30:00,0.000717,0.000773,0.0007019999999999999,0.000754,320.49
Binance,STRAT,2018-02-24 05:30:00,0.000754,0.000771,0.000699,0.000737,312.6
Binance,STRAT,2018-02-25 05:30:00,0.000737,0.000767,0.00073,0.000752,194.54
Binance,STRAT,2018-02-26 05:30:00,0.000752,0.0007610000000000001,0.0007070000000000001,0.000731,257.3
Binance,STRAT,2018-02-27 05:30:00,0.000731,0.000743,0.000713,0.000724,150.49
Binance,STRAT,2018-02-28 05:30:00,0.000724,0.000734,0.000699,0.0007059999999999999,193.76
Binance,STRAT,2018-03-01 05:30:00,0.0007059999999999999,0.000709,0.000666,0.0006900000000000001,200.52
Binance,STRAT,2018-03-02 05:30:00,0.0006900000000000001,0.000766,0.000671,0.000727,414.83
Binance,STRAT,2018-03-03 05:30:00,0.000727,0.000787,0.0007030000000000001,0.0007160000000000001,729.16
Binance,STRAT,2018-03-04 05:30:00,0.0007160000000000001,0.0007440000000000001,0.0007019999999999999,0.000722,227.11
Binance,STRAT,2018-03-05 05:30:00,0.000722,0.00074,0.000696,0.0007,270.25
Binance,STRAT,2018-03-06 05:30:00,0.0007,0.000712,0.00065,0.000679,262.43
Binance,STRAT,2018-03-07 05:30:00,0.000679,0.0006889999999999999,0.00061,0.000625,363.21
Binance,STRAT,2018-03-08 05:30:00,0.000625,0.000656,0.000615,0.00062,211.72
Binance,STRAT,2018-03-09 05:30:00,0.00062,0.0006259999999999999,0.0005780000000000001,0.000614,212.52
Binance,STRAT,2018-03-10 05:30:00,0.000614,0.0006360000000000001,0.000592,0.000601,169.25
Binance,STRAT,2018-03-11 05:30:00,0.000601,0.000615,0.0005809999999999999,0.000607,107.59
Binance,STRAT,2018-03-12 05:30:00,0.000607,0.000616,0.000582,0.000593,130.02
Binance,STRAT,2018-03-13 05:30:00,0.000593,0.000598,0.000588,0.000596,22.25
Bittrex,STRAT,2016-08-11 05:30:00,3.8900000000000004e-05,3.8900000000000004e-05,1.4000000000000001e-05,2.1600000000000003e-05,148.79
Bittrex,STRAT,2016-08-12 05:30:00,2.1600000000000003e-05,2.37e-05,1.57e-05,1.92e-05,82.73
Bittrex,STRAT,2016-08-13 05:30:00,1.92e-05,2.8000000000000003e-05,1.4000000000000001e-05,2.6000000000000002e-05,266.42
Bittrex,STRAT,2016-08-14 05:30:00,2.6000000000000002e-05,5.9e-05,2.2100000000000002e-05,4.6e-05,1016.48
Bittrex,STRAT,2016-08-15 05:30:00,4.6e-05,4.7499999999999996e-05,3.4e-05,4.44e-05,409.67
Bittrex,STRAT,2016-08-16 05:30:00,4.44e-05,5.5e-05,4e-05,4.9e-05,371.06
Bittrex,STRAT,2016-08-17 05:30:00,4.9e-05,5.3e-05,4.1200000000000005e-05,4.6299999999999994e-05,264.23
Bittrex,STRAT,2016-08-18 05:30:00,4.6299999999999994e-05,4.8700000000000005e-05,3.6e-05,3.9399999999999995e-05,205.71
Bittrex,STRAT,2016-08-19 05:30:00,3.9399999999999995e-05,4.35e-05,3.34e-05,3.6e-05,124.27
Bittrex,STRAT,2016-08-20 05:30:00,3.6e-05,3.9e-05,3.35e-05,3.45e-05,61.12
Bittrex,STRAT,2016-08-21 05:30:00,3.45e-05,3.66e-05,3.39e-05,3.65e-05,30.03
Bittrex,STRAT,2016-08-22 05:30:00,3.65e-05,4e-05,3.45e-05,3.75e-05,68.1
Bittrex,STRAT,2016-08-23 05:30:00,3.75e-05,3.9899999999999994e-05,3.4e-05,3.81e-05,199.63
Bittrex,STRAT,2016-08-24 05:30:00,3.81e-05,3.81e-05,3.5e-05,3.5e-05,45.11
Bittrex,STRAT,2016-08-25 05:30:00,3.5e-05,3.63e-05,2.8800000000000002e-05,3.13e-05,61.36
Bittrex,STRAT,2016-08-26 05:30:00,3.13e-05,4.2e-05,3.13e-05,3.9200000000000004e-05,86.28
Bittrex,STRAT,2016-08-27 05:30:00,3.9200000000000004e-05,4.71e-05,3.65e-05,4.1700000000000004e-05,138.47
Bittrex,STRAT,2016-08-28 05:30:00,4.1700000000000004e-05,4.45e-05,3.52e-05,3.69e-05,90.82
Bittrex,STRAT,2016-08-29 05:30:00,3.69e-05,4.2e-05,3.5e-05,3.6700000000000004e-05,65.71
Bittrex,STRAT,2016-08-30 05:30:00,3.6700000000000004e-05,3.73e-05,3.5e-05,3.59e-05,20.68
Bittrex,STRAT,2016-08-31 05:30:00,3.59e-05,3.9500000000000005e-05,3.5e-05,3.68e-05,43.34
Bittrex,STRAT,2016-09-01 05:30:00,3.68e-05,3.96e-05,3.6e-05,3.929999999999999e-05,26.54
Bittrex,STRAT,2016-09-02 05:30:00,3.929999999999999e-05,4.34e-05,3.82e-05,4e-05,38.15
Bittrex,STRAT,2016-09-03 05:30:00,4e-05,4.04e-05,3.7e-05,3.929999999999999e-05,54.19
Bittrex,STRAT,2016-09-04 05:30:00,3.929999999999999e-05,4.04e-05,3.5e-05,3.63e-05,43.09
Bittrex,STRAT,2016-09-05 05:30:00,3.63e-05,3.9e-05,3.6099999999999997e-05,3.69e-05,18.69
Bittrex,STRAT,2016-09-06 05:30:00,3.71e-05,4.2e-05,3.6200000000000006e-05,4.03e-05,54.89
Bittrex,STRAT,2016-09-07 05:30:00,4.03e-05,4.6e-05,4.02e-05,4.5e-05,72.4
Bittrex,STRAT,2016-09-08 05:30:00,4.5e-05,4.6e-05,4e-05,4.1899999999999995e-05,39.3
Bittrex,STRAT,2016-09-09 05:30:00,4.1899999999999995e-05,4.99e-05,4.16e-05,4.8899999999999996e-05,63.13
Bittrex,STRAT,2016-09-10 05:30:00,4.8899999999999996e-05,7e-05,4.79e-05,6.99e-05,319.24
Bittrex,STRAT,2016-09-11 05:30:00,6.99e-05,8e-05,5.870000000000001e-05,5.9999999999999995e-05,459.04
Bittrex,STRAT,2016-09-12 05:30:00,5.9999999999999995e-05,6.38e-05,5.27e-05,5.720000000000001e-05,226.13
Bittrex,STRAT,2016-09-13 05:30:00,5.720000000000001e-05,6.25e-05,5.3200000000000006e-05,6.07e-05,119.33
Bittrex,STRAT,2016-09-14 05:30:00,6.07e-05,6.3e-05,5.720000000000001e-05,6.15e-05,120.09
Bittrex,STRAT,2016-09-15 05:30:00,6.15e-05,6.670000000000001e-05,5.7999999999999994e-05,6.4e-05,157.33
Bittrex,STRAT,2016-09-16 05:30:00,6.4e-05,6.4e-05,5.59e-05,5.59e-05,94.4
Bittrex,STRAT,2016-09-17 05:30:00,5.59e-05,5.7100000000000006e-05,5.02e-05,5.539999999999999e-05,99.16
Bittrex,STRAT,2016-09-18 05:30:00,5.539999999999999e-05,6.15e-05,5.489999999999999e-05,5.99e-05,63.94
Bittrex,STRAT,2016-09-19 05:30:00,5.99e-05,6.08e-05,5.6000000000000006e-05,5.6000000000000006e-05,48.02
Bittrex,STRAT,2016-09-20 05:30:00,5.6000000000000006e-05,6.3e-05,5.59e-05,5.98e-05,80.68
Bittrex,STRAT,2016-09-21 05:30:00,5.98e-05,6.1e-05,5.73e-05,5.85e-05,43.9
Bittrex,STRAT,2016-09-22 05:30:00,5.7600000000000004e-05,5.98e-05,5.6999999999999996e-05,5.7799999999999995e-05,11.23
Bittrex,STRAT,2016-09-23 05:30:00,5.7799999999999995e-05,6.19e-05,5.73e-05,5.8899999999999995e-05,39.31
Bittrex,STRAT,2016-09-24 05:30:00,5.8899999999999995e-05,6.65e-05,5.7999999999999994e-05,6.25e-05,73.07
Bittrex,STRAT,2016-09-25 05:30:00,6.25e-05,6.65e-05,5.9999999999999995e-05,6.0599999999999996e-05,64.79
Bittrex,STRAT,2016-09-26 05:30:00,6.0599999999999996e-05,6.3e-05,5.7999999999999994e-05,5.7999999999999994e-05,57.44
Bittrex,STRAT,2016-09-27 05:30:00,5.7499999999999995e-05,5.94e-05,5.5e-05,5.739999999999999e-05,49.17
Bittrex,STRAT,2016-09-28 05:30:00,5.739999999999999e-05,5.7499999999999995e-05,5.1e-05,5.3e-05,42.81
Bittrex,STRAT,2016-09-29 05:30:00,5.3e-05,5.5e-05,4.73e-05,4.73e-05,75.44
Bittrex,STRAT,2016-09-30 05:30:00,4.73e-05,5.1e-05,4.7e-05,4.8599999999999995e-05,71.32
Bittrex,STRAT,2016-10-01 05:30:00,4.8599999999999995e-05,5.6000000000000006e-05,4.72e-05,5.02e-05,44.65
Bittrex,STRAT,2016-10-02 05:30:00,5.02e-05,5.5799999999999994e-05,5.02e-05,5.2300000000000004e-05,26.66
Bittrex,STRAT,2016-10-03 05:30:00,5.2300000000000004e-05,5.3e-05,4.6e-05,5.21e-05,68.36
Bittrex,STRAT,2016-10-04 05:30:00,5.21e-05,5.3e-05,4.57e-05,4.57e-05,60.24
Bittrex,STRAT,2016-10-05 05:30:00,4.57e-05,4.95e-05,4.5e-05,4.59e-05,34.33
Bittrex,STRAT,2016-10-06 05:30:00,4.59e-05,4.83e-05,4.51e-05,4.72e-05,24.2
Bittrex,STRAT,2016-10-07 05:30:00,4.7e-05,5.3e-05,4.51e-05,4.970000000000001e-05,30.11
Bittrex,STRAT,2016-10-08 05:30:00,4.970000000000001e-05,5.05e-05,4.6500000000000005e-05,4.9e-05,17.26
Bittrex,STRAT,2016-10-09 05:30:00,4.8899999999999996e-05,5.65e-05,4.61e-05,4.8899999999999996e-05,48.45
Bittrex,STRAT,2016-10-10 05:30:00,4.8899999999999996e-05,5.3700000000000004e-05,4.8e-05,5.2000000000000004e-05,30.12
Bittrex,STRAT,2016-10-11 05:30:00,5.2000000000000004e-05,5.9999999999999995e-05,5e-05,5.479999999999999e-05,59.11
Bittrex,STRAT,2016-10-12 05:30:00,5.479999999999999e-05,6.2e-05,5.45e-05,5.5100000000000004e-05,79.18
Bittrex,STRAT,2016-10-13 05:30:00,5.6200000000000004e-05,5.7799999999999995e-05,5.2000000000000004e-05,5.25e-05,14.99
Bittrex,STRAT,2016-10-14 05:30:00,5.21e-05,5.9999999999999995e-05,5.21e-05,5.9999999999999995e-05,35.56
Bittrex,STRAT,2016-10-15 05:30:00,5.9999999999999995e-05,6.26e-05,5.7799999999999995e-05,5.96e-05,73.87
Bittrex,STRAT,2016-10-16 05:30:00,5.96e-05,6.07e-05,5.88e-05,5.91e-05,24.23
Bittrex,STRAT,2016-10-17 05:30:00,5.91e-05,5.9999999999999995e-05,5.3200000000000006e-05,5.42e-05,35.5
Bittrex,STRAT,2016-10-18 05:30:00,5.42e-05,5.8899999999999995e-05,5.3e-05,5.720000000000001e-05,30.06
Bittrex,STRAT,2016-10-19 05:30:00,5.720000000000001e-05,6.01e-05,5.5799999999999994e-05,5.85e-05,44.1
Bittrex,STRAT,2016-10-20 05:30:00,5.9499999999999996e-05,5.9499999999999996e-05,5.610000000000001e-05,5.68e-05,14.67
Bittrex,STRAT,2016-10-21 05:30:00,5.68e-05,5.96e-05,5.610000000000001e-05,5.8399999999999997e-05,17.24
Bittrex,STRAT,2016-10-22 05:30:00,5.8399999999999997e-05,6.3e-05,5.8099999999999996e-05,5.96e-05,76.22
Bittrex,STRAT,2016-10-23 05:30:00,5.96e-05,6.12e-05,5.7100000000000006e-05,5.8299999999999994e-05,26.31
Bittrex,STRAT,2016-10-24 05:30:00,5.8299999999999994e-05,6.2e-05,5.7999999999999994e-05,6.0899999999999996e-05,13.09
Bittrex,STRAT,2016-10-25 05:30:00,6.0899999999999996e-05,6.4e-05,5.9499999999999996e-05,5.9999999999999995e-05,36.32
Bittrex,STRAT,2016-10-26 05:30:00,5.9999999999999995e-05,7e-05,5.9999999999999995e-05,6.659999999999999e-05,106.85
Bittrex,STRAT,2016-10-27 05:30:00,6.659999999999999e-05,7.59e-05,6.4e-05,7.4e-05,120.84
Bittrex,STRAT,2016-10-28 05:30:00,7.4e-05,8.53e-05,7.11e-05,8.2e-05,147.89
Bittrex,STRAT,2016-10-29 05:30:00,8.2e-05,8.79e-05,7.31e-05,8.3e-05,183.23
Bittrex,STRAT,2016-10-30 05:30:00,8.3e-05,8.3e-05,7.159999999999999e-05,7.3e-05,77.05
Bittrex,STRAT,2016-10-31 05:30:00,7.3e-05,7.6e-05,7.2e-05,7.57e-05,23.94
Bittrex,STRAT,2016-11-01 05:30:00,7.57e-05,8.379999999999999e-05,7.020000000000001e-05,7.52e-05,95.71
Bittrex,STRAT,2016-11-02 05:30:00,7.52e-05,7.8e-05,7.170000000000001e-05,7.31e-05,30.93
Bittrex,STRAT,2016-11-03 05:30:00,7.31e-05,7.5e-05,6.7e-05,6.879999999999999e-05,41.33
Bittrex,STRAT,2016-11-04 05:30:00,6.879999999999999e-05,7.87e-05,6.879999999999999e-05,7.57e-05,21.37
Bittrex,STRAT,2016-11-05 05:30:00,7.57e-05,7.57e-05,7.099999999999999e-05,7.46e-05,17.7
Bittrex,STRAT,2016-11-06 05:30:00,7.46e-05,7.52e-05,7.099999999999999e-05,7.31e-05,11.14
Bittrex,STRAT,2016-11-07 05:30:00,7.31e-05,9.9e-05,7.3e-05,9.1e-05,86.1
Bittrex,STRAT,2016-11-08 05:30:00,9.1e-05,0.0001099,8.46e-05,0.00010109999999999999,193.27
Bittrex,STRAT,2016-11-09 05:30:00,0.00010109999999999999,0.000103,8.7e-05,8.96e-05,115.09
Bittrex,STRAT,2016-11-10 05:30:00,8.96e-05,0.0001001,8.96e-05,9.609999999999999e-05,29.4
Bittrex,STRAT,2016-11-11 05:30:00,9.609999999999999e-05,0.0001304,9.259999999999999e-05,0.000122,180.7
Bittrex,STRAT,2016-11-12 05:30:00,0.000122,0.000122,0.000122,0.000122,0.0
Bittrex,STRAT,2016-11-13 05:30:00,0.000122,0.000122,0.000122,0.000122,0.0
Bittrex,STRAT,2016-11-14 05:30:00,0.0001237,0.00018999999999999998,0.00011999999999999999,0.00014890000000000001,170.17
Bittrex,STRAT,2016-11-15 05:30:00,0.00014890000000000001,0.00016999999999999999,0.0001306,0.00015,318.7
Bittrex,STRAT,2016-11-16 05:30:00,0.00015,0.0001535,0.0001,0.00012919999999999997,289.86
Bittrex,STRAT,2016-11-17 05:30:00,0.00012919999999999997,0.00012919999999999997,0.000105,0.0001097,106.78
Bittrex,STRAT,2016-11-18 05:30:00,0.0001097,0.00014419999999999998,0.0001097,0.00011899999999999999,121.46
Bittrex,STRAT,2016-11-19 05:30:00,0.00011899999999999999,0.00013000000000000002,8.4e-05,0.00010859999999999998,260.62
Bittrex,STRAT,2016-11-20 05:30:00,0.00010859999999999998,0.000117,9.25e-05,9.990000000000002e-05,70.29
Bittrex,STRAT,2016-11-21 05:30:00,9.990000000000002e-05,0.000105,8.62e-05,9e-05,87.5
Bittrex,STRAT,2016-11-22 05:30:00,9e-05,9.4e-05,8.06e-05,8.809999999999999e-05,78.71
Bittrex,STRAT,2016-11-23 05:30:00,8.809999999999999e-05,9.08e-05,8.51e-05,8.79e-05,26.5
Bittrex,STRAT,2016-11-24 05:30:00,8.79e-05,9.4e-05,8.6e-05,9.2e-05,26.06
Bittrex,STRAT,2016-11-25 05:30:00,9.2e-05,9.329999999999999e-05,8.809999999999999e-05,8.83e-05,17.35
Bittrex,STRAT,2016-11-26 05:30:00,8.83e-05,9.070000000000001e-05,8.06e-05,8.3e-05,29.96
Bittrex,STRAT,2016-11-27 05:30:00,8.3e-05,8.89e-05,6.670000000000001e-05,7.950000000000001e-05,51.37
Bittrex,STRAT,2016-11-28 05:30:00,7.950000000000001e-05,8.170000000000001e-05,7.2e-05,7.37e-05,24.81
Bittrex,STRAT,2016-11-29 05:30:00,7.37e-05,8.55e-05,7.37e-05,7.75e-05,28.86
Bittrex,STRAT,2016-11-30 05:30:00,7.75e-05,8.120000000000001e-05,7.099999999999999e-05,7.65e-05,53.56
Bittrex,STRAT,2016-12-01 05:30:00,7.65e-05,8.1e-05,7.209999999999999e-05,7.55e-05,29.8
Bittrex,STRAT,2016-12-02 05:30:00,7.55e-05,7.730000000000001e-05,6.2e-05,6.45e-05,66.07
Bittrex,STRAT,2016-12-03 05:30:00,6.45e-05,9e-05,6.32e-05,8e-05,34.39
Bittrex,STRAT,2016-12-04 05:30:00,8e-05,8.82e-05,7.41e-05,7.7e-05,35.86
Bittrex,STRAT,2016-12-05 05:30:00,7.7e-05,9.070000000000001e-05,7.65e-05,8.75e-05,34.89
Bittrex,STRAT,2016-12-06 05:30:00,8.75e-05,8.9e-05,7.5e-05,7.609999999999999e-05,54.53
Bittrex,STRAT,2016-12-07 05:30:00,7.609999999999999e-05,8.89e-05,7.609999999999999e-05,8.2e-05,77.87
Bittrex,STRAT,2016-12-08 05:30:00,8.04e-05,8.690000000000001e-05,7.91e-05,8.159999999999999e-05,14.54
Bittrex,STRAT,2016-12-09 05:30:00,8.159999999999999e-05,8.8e-05,7.97e-05,8.37e-05,28.44
Bittrex,STRAT,2016-12-10 05:30:00,8.37e-05,9e-05,8.290000000000001e-05,8.3e-05,14.89
Bittrex,STRAT,2016-12-11 05:30:00,8.3e-05,8.56e-05,8.170000000000001e-05,8.49e-05,19.35
Bittrex,STRAT,2016-12-12 05:30:00,8.49e-05,8.83e-05,8.170000000000001e-05,8.51e-05,17.97
Bittrex,STRAT,2016-12-13 05:30:00,8.51e-05,8.809999999999999e-05,8.37e-05,8.499999999999999e-05,16.9
Bittrex,STRAT,2016-12-14 05:30:00,8.499999999999999e-05,8.77e-05,8.37e-05,8.45e-05,17.14
Bittrex,STRAT,2016-12-15 05:30:00,8.45e-05,8.499999999999999e-05,7.5e-05,7.52e-05,19.92
Bittrex,STRAT,2016-12-16 05:30:00,7.99e-05,8e-05,7.11e-05,7.5e-05,23.25
Bittrex,STRAT,2016-12-17 05:30:00,7.5e-05,7.6e-05,6.850000000000001e-05,7.3e-05,41.07
Bittrex,STRAT,2016-12-18 05:30:00,7.28e-05,7.58e-05,6.57e-05,6.97e-05,29.09
Bittrex,STRAT,2016-12-19 05:30:00,6.97e-05,0.0001383,6.82e-05,9.2e-05,194.26
Bittrex,STRAT,2016-12-20 05:30:00,9.2e-05,9.4e-05,8.18e-05,8.18e-05,29.36
Bittrex,STRAT,2016-12-21 05:30:00,8.590000000000001e-05,8.68e-05,7.120000000000001e-05,7.4e-05,41.03
Bittrex,STRAT,2016-12-22 05:30:00,7.4e-05,7.64e-05,6.440000000000001e-05,6.709999999999999e-05,34.05
Bittrex,STRAT,2016-12-23 05:30:00,6.709999999999999e-05,7.390000000000001e-05,6.3e-05,7.37e-05,14.35
Bittrex,STRAT,2016-12-24 05:30:00,7.37e-05,7.390000000000001e-05,6.720000000000001e-05,6.86e-05,10.7
Bittrex,STRAT,2016-12-25 05:30:00,6.86e-05,7.48e-05,6.75e-05,7.31e-05,13.08
Bittrex,STRAT,2016-12-26 05:30:00,7.18e-05,7.5e-05,7.11e-05,7.44e-05,3.79
Bittrex,STRAT,2016-12-27 05:30:00,7.44e-05,7.5e-05,7.04e-05,7.49e-05,14.01
Bittrex,STRAT,2016-12-28 05:30:00,7.49e-05,7.49e-05,6.8e-05,6.8e-05,18.43
Bittrex,STRAT,2016-12-29 05:30:00,6.8e-05,7.38e-05,6.6e-05,7.18e-05,14.47
Bittrex,STRAT,2016-12-30 05:30:00,7.18e-05,7.929999999999999e-05,7.18e-05,7.36e-05,11.34
Bittrex,STRAT,2016-12-31 05:30:00,7.36e-05,7.6e-05,7.06e-05,7.2e-05,16.4
Bittrex,STRAT,2017-01-01 05:30:00,7.2e-05,7.64e-05,7.2e-05,7.63e-05,6.91
Bittrex,STRAT,2017-01-02 05:30:00,7.63e-05,7.63e-05,6.75e-05,6.91e-05,23.45
Bittrex,STRAT,2017-01-03 05:30:00,6.91e-05,7.4e-05,6.759999999999999e-05,7.290000000000001e-05,20.78
Bittrex,STRAT,2017-01-04 05:30:00,7.290000000000001e-05,7.3e-05,6.9e-05,7.290000000000001e-05,16.75
Bittrex,STRAT,2017-01-05 05:30:00,7.290000000000001e-05,7.38e-05,6.9e-05,7.099999999999999e-05,10.14
Bittrex,STRAT,2017-01-06 05:30:00,7.099999999999999e-05,7.219999999999999e-05,6.9e-05,7.049999999999999e-05,14.84
Bittrex,STRAT,2017-01-07 05:30:00,7.049999999999999e-05,7.2e-05,6.82e-05,6.99e-05,24.57
Bittrex,STRAT,2017-01-08 05:30:00,6.99e-05,6.99e-05,5.9499999999999996e-05,6.500000000000001e-05,33.28
Bittrex,STRAT,2017-01-09 05:30:00,6.500000000000001e-05,6.659999999999999e-05,5.9499999999999996e-05,6.15e-05,26.08
Bittrex,STRAT,2017-01-10 05:30:00,6.15e-05,6.459999999999998e-05,5.9999999999999995e-05,6.21e-05,10.28
Bittrex,STRAT,2017-01-11 05:30:00,6.21e-05,6.45e-05,6.07e-05,6.2e-05,13.23
Bittrex,STRAT,2017-01-12 05:30:00,6.2e-05,6.35e-05,6.08e-05,6.15e-05,18.37
Bittrex,STRAT,2017-01-13 05:30:00,6.159999999999999e-05,6.35e-05,6.13e-05,6.15e-05,3.98
Bittrex,STRAT,2017-01-14 05:30:00,6.15e-05,6.25e-05,5.9999999999999995e-05,6.15e-05,9.88
Bittrex,STRAT,2017-01-15 05:30:00,6.15e-05,6.42e-05,5.9999999999999995e-05,6.2e-05,21.07
Bittrex,STRAT,2017-01-16 05:30:00,6.2e-05,7.25e-05,6.2e-05,7.099999999999999e-05,30.77
Bittrex,STRAT,2017-01-17 05:30:00,7.099999999999999e-05,7.219999999999999e-05,6.2e-05,6.48e-05,15.52
Bittrex,STRAT,2017-01-18 05:30:00,6.48e-05,6.979999999999999e-05,6.28e-05,6.720000000000001e-05,18.91
Bittrex,STRAT,2017-01-19 05:30:00,6.720000000000001e-05,8.740000000000001e-05,6.500000000000001e-05,8.2e-05,71.9
Bittrex,STRAT,2017-01-20 05:30:00,8.2e-05,8.45e-05,7.42e-05,7.42e-05,20.82
Bittrex,STRAT,2017-01-21 05:30:00,7.42e-05,8.58e-05,7.42e-05,8.31e-05,15.35
Bittrex,STRAT,2017-01-22 05:30:00,8.31e-05,8.37e-05,7.730000000000001e-05,8.2e-05,13.77
Bittrex,STRAT,2017-01-23 05:30:00,8.2e-05,9.96e-05,8.2e-05,9.499999999999999e-05,81.98
Bittrex,STRAT,2017-01-24 05:30:00,9.499999999999999e-05,9.7e-05,8.209999999999999e-05,8.31e-05,30.66
Bittrex,STRAT,2017-01-25 05:30:00,8.31e-05,9.15e-05,8.31e-05,8.46e-05,10.58
Bittrex,STRAT,2017-01-26 05:30:00,8.46e-05,9.6e-05,8.46e-05,9.32e-05,26.23
Bittrex,STRAT,2017-01-27 05:30:00,9.32e-05,0.00011999999999999999,8.9e-05,0.00011499999999999999,103.23
Bittrex,STRAT,2017-01-28 05:30:00,0.00011499999999999999,0.000135,0.0001057,0.0001085,84.63
Bittrex,STRAT,2017-01-29 05:30:00,0.0001085,0.000118,0.0001056,0.00011499999999999999,27.43
Bittrex,STRAT,2017-01-30 05:30:00,0.00011499999999999999,0.00011690000000000001,0.0001014,0.000102,19.7
Bittrex,STRAT,2017-01-31 05:30:00,0.000102,0.00011100000000000001,8.6e-05,9.41e-05,47.03
Bittrex,STRAT,2017-02-01 05:30:00,9.41e-05,0.000102,9e-05,9.49e-05,19.31
Bittrex,STRAT,2017-02-02 05:30:00,9.49e-05,9.88e-05,9.25e-05,9.51e-05,21.23
Bittrex,STRAT,2017-02-03 05:30:00,9.51e-05,9.520000000000001e-05,8.609999999999999e-05,9.300000000000001e-05,21.92
Bittrex,STRAT,2017-02-04 05:30:00,9.300000000000001e-05,9.42e-05,8.499999999999999e-05,8.6e-05,24.8
Bittrex,STRAT,2017-02-05 05:30:00,8.6e-05,8.759999999999999e-05,8.26e-05,8.499999999999999e-05,12.81
Bittrex,STRAT,2017-02-06 05:30:00,8.499999999999999e-05,9.25e-05,8.26e-05,9.02e-05,16.77
Bittrex,STRAT,2017-02-07 05:30:00,9.02e-05,9.76e-05,8.809999999999999e-05,9.19e-05,12.86
Bittrex,STRAT,2017-02-08 05:30:00,9.19e-05,9.259999999999999e-05,8.809999999999999e-05,8.840000000000001e-05,6.29
Bittrex,STRAT,2017-02-09 05:30:00,8.840000000000001e-05,9.2e-05,8.6e-05,9e-05,15.03
Bittrex,STRAT,2017-02-10 05:30:00,9e-05,9.1e-05,8.499999999999999e-05,8.540000000000002e-05,11.16
Bittrex,STRAT,2017-02-11 05:30:00,8.540000000000002e-05,8.87e-05,7.900000000000001e-05,8.1e-05,21.97
Bittrex,STRAT,2017-02-12 05:30:00,8.1e-05,8.87e-05,7.900000000000001e-05,8.340000000000001e-05,25.31
Bittrex,STRAT,2017-02-13 05:30:00,8.14e-05,8.36e-05,7.670000000000001e-05,7.85e-05,10.25
Bittrex,STRAT,2017-02-14 05:30:00,7.85e-05,7.97e-05,7.159999999999999e-05,7.75e-05,15.65
Bittrex,STRAT,2017-02-15 05:30:00,7.75e-05,8.9e-05,7.55e-05,8.9e-05,17.09
Bittrex,STRAT,2017-02-16 05:30:00,8.9e-05,8.9e-05,7.840000000000001e-05,8.05e-05,19.14
Bittrex,STRAT,2017-02-17 05:30:00,8.05e-05,8.39e-05,7.7e-05,7.77e-05,15.67
Bittrex,STRAT,2017-02-18 05:30:00,7.77e-05,7.87e-05,6.56e-05,7.25e-05,20.59
Bittrex,STRAT,2017-02-19 05:30:00,7.25e-05,7.72e-05,7.04e-05,7.5e-05,3.51
Bittrex,STRAT,2017-02-20 05:30:00,7.5e-05,7.730000000000001e-05,7.329999999999999e-05,7.329999999999999e-05,5.7
Bittrex,STRAT,2017-02-21 05:30:00,7.329999999999999e-05,7.53e-05,6.8e-05,7.099999999999999e-05,8.61
Bittrex,STRAT,2017-02-22 05:30:00,7.099999999999999e-05,7.5e-05,6.850000000000001e-05,6.850000000000001e-05,6.36
Bittrex,STRAT,2017-02-23 05:30:00,6.850000000000001e-05,7.190000000000001e-05,6.73e-05,6.8e-05,8.43
Bittrex,STRAT,2017-02-24 05:30:00,6.8e-05,6.8e-05,6.22e-05,6.49e-05,7.18
Bittrex,STRAT,2017-02-25 05:30:00,6.49e-05,7.2e-05,6.459999999999998e-05,7.15e-05,13.05
Bittrex,STRAT,2017-02-26 05:30:00,7.15e-05,7.4e-05,6.77e-05,7.25e-05,9.58
Bittrex,STRAT,2017-02-27 05:30:00,7.25e-05,7.25e-05,6.65e-05,6.74e-05,4.12
Bittrex,STRAT,2017-02-28 05:30:00,6.74e-05,6.94e-05,6.36e-05,6.69e-05,8.09
Bittrex,STRAT,2017-03-01 05:30:00,6.69e-05,7.099999999999999e-05,6.440000000000001e-05,7.049999999999999e-05,11.82
Bittrex,STRAT,2017-03-02 05:30:00,7.049999999999999e-05,8.329999999999999e-05,6.7e-05,7.85e-05,30.61
Bittrex,STRAT,2017-03-03 05:30:00,7.85e-05,8.6e-05,7.340000000000001e-05,7.809999999999999e-05,29.0
Bittrex,STRAT,2017-03-04 05:30:00,7.809999999999999e-05,8.04e-05,7.45e-05,7.45e-05,5.81
Bittrex,STRAT,2017-03-05 05:30:00,7.45e-05,7.950000000000001e-05,7.45e-05,7.65e-05,5.21
Bittrex,STRAT,2017-03-06 05:30:00,7.65e-05,7.87e-05,7.15e-05,7.269999999999999e-05,9.56
Bittrex,STRAT,2017-03-07 05:30:00,7.269999999999999e-05,7.44e-05,6.809999999999999e-05,7.240000000000001e-05,12.22
Bittrex,STRAT,2017-03-08 05:30:00,7.240000000000001e-05,7.240000000000001e-05,6.8e-05,6.82e-05,7.13
Bittrex,STRAT,2017-03-09 05:30:00,6.82e-05,7.219999999999999e-05,6.52e-05,6.96e-05,8.02
Bittrex,STRAT,2017-03-10 05:30:00,6.96e-05,7.6e-05,6.01e-05,7.11e-05,20.63
Bittrex,STRAT,2017-03-11 05:30:00,7.11e-05,7.58e-05,7.04e-05,7.04e-05,11.51
Bittrex,STRAT,2017-03-12 05:30:00,7.04e-05,8e-05,6.94e-05,7.5e-05,10.24
Bittrex,STRAT,2017-03-13 05:30:00,7.5e-05,8.78e-05,7.41e-05,8.4e-05,31.78
Bittrex,STRAT,2017-03-14 05:30:00,8.4e-05,8.540000000000002e-05,7.829999999999999e-05,7.96e-05,17.16
Bittrex,STRAT,2017-03-15 05:30:00,7.96e-05,8.2e-05,7.340000000000001e-05,7.509999999999998e-05,21.37
Bittrex,STRAT,2017-03-16 05:30:00,7.509999999999998e-05,8.05e-05,7.340000000000001e-05,7.730000000000001e-05,21.72
Bittrex,STRAT,2017-03-17 05:30:00,7.730000000000001e-05,9.6e-05,7.72e-05,9.04e-05,49.97
Bittrex,STRAT,2017-03-18 05:30:00,9.04e-05,0.00010800000000000001,8.73e-05,9.990000000000002e-05,70.49
Bittrex,STRAT,2017-03-19 05:30:00,9.990000000000002e-05,0.00011,8.909999999999998e-05,0.0001072,64.07
Bittrex,STRAT,2017-03-20 05:30:00,0.0001072,0.0001255,0.0001024,0.00011939999999999999,101.09
Bittrex,STRAT,2017-03-21 05:30:00,0.00011939999999999999,0.000138,0.0001082,0.0001239,97.78
Bittrex,STRAT,2017-03-22 05:30:00,0.0001239,0.0001319,0.0001109,0.00013000000000000002,53.81
Bittrex,STRAT,2017-03-23 05:30:00,0.00013000000000000002,0.00013000000000000002,0.00011499999999999999,0.00012529999999999998,44.43
Bittrex,STRAT,2017-03-24 05:30:00,0.00012529999999999998,0.00013000000000000002,0.00011999999999999999,0.000121,37.76
Bittrex,STRAT,2017-03-25 05:30:00,0.000121,0.00014,0.00011999999999999999,0.00013769999999999999,68.28
Bittrex,STRAT,2017-03-26 05:30:00,0.00013769999999999999,0.0002,0.0001365,0.000193,297.56
Bittrex,STRAT,2017-03-27 05:30:00,0.000193,0.000225,0.000165,0.0001651,220.3
Bittrex,STRAT,2017-03-28 05:30:00,0.0001651,0.0001867,0.0001501,0.000173,66.6
Bittrex,STRAT,2017-03-29 05:30:00,0.000173,0.00021,0.00016999999999999999,0.00019690000000000002,83.2
Bittrex,STRAT,2017-03-30 05:30:00,0.00019690000000000002,0.0002089,0.000182,0.0001923,79.71
Bittrex,STRAT,2017-03-31 05:30:00,0.0001923,0.00019880000000000003,0.0001836,0.00018600000000000002,85.61
Bittrex,STRAT,2017-04-01 05:30:00,0.00018600000000000002,0.0002597,0.00018600000000000002,0.00023490000000000002,128.88
Bittrex,STRAT,2017-04-02 05:30:00,0.00023490000000000002,0.000285,0.00023290000000000002,0.000252,263.01
Bittrex,STRAT,2017-04-03 05:30:00,0.000252,0.0003013,0.0002359,0.0003013,166.35
Bittrex,STRAT,2017-04-04 05:30:00,0.0003013,0.0003789,0.0002833,0.0003372,479.9
Bittrex,STRAT,2017-04-05 05:30:00,0.0003372,0.0004897,0.0003372,0.000373,1124.98
Bittrex,STRAT,2017-04-06 05:30:00,0.000373,0.0004454,0.00034389999999999996,0.0003813,497.3
Bittrex,STRAT,2017-04-07 05:30:00,0.0003813,0.0004025,0.00032,0.00037689999999999995,235.37
Bittrex,STRAT,2017-04-08 05:30:00,0.00037689999999999995,0.00041799999999999997,0.00035299999999999996,0.000384,201.34
Bittrex,STRAT,2017-04-09 05:30:00,0.000384,0.0003919,0.00035329999999999997,0.00035329999999999997,101.76
Bittrex,STRAT,2017-04-10 05:30:00,0.00035329999999999997,0.000373,0.0003151,0.00035299999999999996,141.75
Bittrex,STRAT,2017-04-11 05:30:00,0.00035299999999999996,0.00036260000000000003,0.0003328,0.00034589999999999995,63.74
Bittrex,STRAT,2017-04-12 05:30:00,0.00034589999999999995,0.0003595,0.0003357,0.00035,73.25
Bittrex,STRAT,2017-04-13 05:30:00,0.00035,0.0004689,0.000336,0.00045999999999999996,396.75
Bittrex,STRAT,2017-04-14 05:30:00,0.00045999999999999996,0.000535,0.00043039999999999994,0.0005202000000000001,610.71
Bittrex,STRAT,2017-04-15 05:30:00,0.0005202000000000001,0.00064,0.0005,0.0005787000000000001,850.92
Bittrex,STRAT,2017-04-16 05:30:00,0.0005787000000000001,0.0006319,0.00054,0.0005748,696.7
Bittrex,STRAT,2017-04-17 05:30:00,0.0005748,0.0005896,0.0005347,0.0005564,249.1
Bittrex,STRAT,2017-04-18 05:30:00,0.0005564,0.00058,0.0005501,0.00058,164.99
Bittrex,STRAT,2017-04-19 05:30:00,0.00058,0.0006297000000000001,0.00054,0.0005610000000000001,479.57
Bittrex,STRAT,2017-04-20 05:30:00,0.0005610000000000001,0.0005812,0.00049,0.000546,271.59
Bittrex,STRAT,2017-04-21 05:30:00,0.000546,0.000573,0.0005282,0.0005379,118.14
Bittrex,STRAT,2017-04-22 05:30:00,0.0005379,0.0005558,0.0004747,0.0005147,230.77
Bittrex,STRAT,2017-04-23 05:30:00,0.0005147,0.0005394999999999999,0.00047999999999999996,0.00048019999999999996,207.17
Bittrex,STRAT,2017-04-24 05:30:00,0.00048019999999999996,0.000521,0.00047000000000000004,0.000503,175.81
Bittrex,STRAT,2017-04-25 05:30:00,0.000503,0.0005085,0.0004506,0.00046950000000000003,188.65
Bittrex,STRAT,2017-04-26 05:30:00,0.00046950000000000003,0.0005105,0.0004612,0.0004997,145.4
Bittrex,STRAT,2017-04-27 05:30:00,0.0004997,0.0005075,0.00045099999999999996,0.0004738,147.21
Bittrex,STRAT,2017-04-28 05:30:00,0.0004738,0.0005411000000000001,0.0004605,0.000517,258.73
Bittrex,STRAT,2017-04-29 05:30:00,0.000517,0.000552,0.0004892,0.0005479,221.41
Bittrex,STRAT,2017-04-30 05:30:00,0.0005479,0.000585,0.0005365,0.0005391,210.61
Bittrex,STRAT,2017-05-01 05:30:00,0.0005391,0.000595,0.0005,0.0005239,284.73
Bittrex,STRAT,2017-05-02 05:30:00,0.0005239,0.00057,0.00049,0.0005599,201.89
Bittrex,STRAT,2017-05-03 05:30:00,0.0005599,0.0007269,0.0005269,0.0006841,769.93
Bittrex,STRAT,2017-05-04 05:30:00,0.0006841,0.0007521,0.0006450000000000001,0.0007521,422.01
Bittrex,STRAT,2017-05-05 05:30:00,0.0007521,0.0008398999999999999,0.000725,0.0007687999999999999,652.87
Bittrex,STRAT,2017-05-06 05:30:00,0.0007687999999999999,0.0008029999999999999,0.0007355,0.000762,253.52
Bittrex,STRAT,2017-05-07 05:30:00,0.000762,0.000794,0.000683,0.00074,324.69
Bittrex,STRAT,2017-05-08 05:30:00,0.00074,0.0007546,0.00064,0.0006966,314.47
Bittrex,STRAT,2017-05-09 05:30:00,0.0006966,0.0007067,0.00053,0.0006407,323.71
Bittrex,STRAT,2017-05-10 05:30:00,0.0006407,0.0008,0.0006407,0.0007042999999999999,422.09
Bittrex,STRAT,2017-05-11 05:30:00,0.0007042999999999999,0.0007575,0.000675,0.0007186,275.24
Bittrex,STRAT,2017-05-12 05:30:00,0.0007186,0.0007797,0.0007099999999999999,0.0007445,295.94
Bittrex,STRAT,2017-05-13 05:30:00,0.0007445,0.000753,0.0006900000000000001,0.0007049,147.54
Bittrex,STRAT,2017-05-14 05:30:00,0.0007049,0.0007433,0.000691,0.0007142,128.81
Bittrex,STRAT,2017-05-15 05:30:00,0.0007142,0.0007226,0.0006856,0.0006896,109.23
Bittrex,STRAT,2017-05-16 05:30:00,0.0006896,0.000729,0.0006753999999999999,0.0007052,278.45
Bittrex,STRAT,2017-05-17 05:30:00,0.0007052,0.0007181,0.000655,0.0006949,331.3
Bittrex,STRAT,2017-05-18 05:30:00,0.0006982000000000001,0.000785,0.0006799999999999999,0.0007472000000000001,341.78
Bittrex,STRAT,2017-05-19 05:30:00,0.0007472000000000001,0.0009199999999999999,0.00072,0.0008493999999999999,918.66
Bittrex,STRAT,2017-05-20 05:30:00,0.0008493999999999999,0.000987,0.0008158,0.000987,680.43
Bittrex,STRAT,2017-05-21 05:30:00,0.000987,0.001085,0.0009155,0.0010400000000000001,712.54
Bittrex,STRAT,2017-05-22 05:30:00,0.0010400000000000001,0.0010400000000000001,0.0008699999999999999,0.0009465,493.35
Bittrex,STRAT,2017-05-23 05:30:00,0.0009465,0.001456,0.0009249000000000001,0.00133,1059.05
Bittrex,STRAT,2017-05-24 05:30:00,0.00133,0.00149,0.0011,0.0012490000000000001,1409.04
Bittrex,STRAT,2017-05-25 05:30:00,0.0012490000000000001,0.00146,0.0011,0.00116,622.78
Bittrex,STRAT,2017-05-26 05:30:00,0.00116,0.001436,0.0011,0.00135,966.14
Bittrex,STRAT,2017-05-27 05:30:00,0.00135,0.001373,0.0010140000000000001,0.001317,893.19
Bittrex,STRAT,2017-05-28 05:30:00,0.001317,0.001458,0.00126,0.001451,491.73
Bittrex,STRAT,2017-05-29 05:30:00,0.001451,0.001743,0.001425,0.00165,1484.84
Bittrex,STRAT,2017-05-30 05:30:00,0.00165,0.00279,0.00165,0.002727,3650.4
Bittrex,STRAT,2017-05-31 05:30:00,0.002727,0.0029,0.0021550000000000002,0.0022559999999999998,4588.56
Bittrex,STRAT,2017-06-01 05:30:00,0.0022559999999999998,0.002592,0.002151,0.0025,1926.74
Bittrex,STRAT,2017-06-02 05:30:00,0.0025,0.0038,0.00244,0.0034869999999999996,5911.53
Bittrex,STRAT,2017-06-03 05:30:00,0.0034869999999999996,0.00468,0.0034439999999999996,0.0036299999999999995,7207.19
Bittrex,STRAT,2017-06-04 05:30:00,0.0036299999999999995,0.0043100000000000005,0.0032,0.004181,3866.17
Bittrex,STRAT,2017-06-05 05:30:00,0.004181,0.004413,0.0038,0.0038840000000000003,2413.12
Bittrex,STRAT,2017-06-06 05:30:00,0.0038840000000000003,0.003961,0.00345,0.003699,2211.32
Bittrex,STRAT,2017-06-07 05:30:00,0.003699,0.003899,0.003141,0.003536,2390.71
Bittrex,STRAT,2017-06-08 05:30:00,0.003536,0.003654,0.003114,0.003314,1915.44
Bittrex,STRAT,2017-06-09 05:30:00,0.003314,0.003781,0.003,0.0030600000000000002,2874.26
Bittrex,STRAT,2017-06-10 05:30:00,0.0030600000000000002,0.003128,0.0024,0.002437,4066.03
Bittrex,STRAT,2017-06-11 05:30:00,0.002437,0.003547,0.0022,0.002924,4066.97
Bittrex,STRAT,2017-06-12 05:30:00,0.002924,0.0032,0.00265,0.002801,2289.71
Bittrex,STRAT,2017-06-13 05:30:00,0.002801,0.0035,0.002773,0.003462,2359.45
Bittrex,STRAT,2017-06-14 05:30:00,0.003462,0.003699,0.0032,0.00329,1925.72
Bittrex,STRAT,2017-06-15 05:30:00,0.00329,0.003386,0.002999,0.0033,1528.93
Bittrex,STRAT,2017-06-16 05:30:00,0.0033,0.003331,0.003011,0.0032380000000000004,1420.62
Bittrex,STRAT,2017-06-17 05:30:00,0.0032380000000000004,0.0032380000000000004,0.00301,0.003098,1103.02
Bittrex,STRAT,2017-06-18 05:30:00,0.003098,0.003144,0.0028,0.002977,1149.84
Bittrex,STRAT,2017-06-19 05:30:00,0.002977,0.003249,0.002914,0.0031,1652.98
Bittrex,STRAT,2017-06-20 05:30:00,0.0031,0.0031379999999999997,0.002671,0.0028179999999999998,1759.06
Bittrex,STRAT,2017-06-21 05:30:00,0.0028179999999999998,0.003065,0.00265,0.00279,1791.43
Bittrex,STRAT,2017-06-22 05:30:00,0.00279,0.002919,0.002747,0.00286,927.93
Bittrex,STRAT,2017-06-23 05:30:00,0.00286,0.0032,0.002732,0.0031899999999999997,1270.12
Bittrex,STRAT,2017-06-24 05:30:00,0.0031899999999999997,0.0032,0.00292,0.002987,1138.62
Bittrex,STRAT,2017-06-25 05:30:00,0.002987,0.003016,0.00268,0.0028120000000000003,793.35
Bittrex,STRAT,2017-06-26 05:30:00,0.0028120000000000003,0.002846,0.002236,0.0026899999999999997,1711.85
Bittrex,STRAT,2017-06-27 05:30:00,0.0026899999999999997,0.002784,0.002332,0.002653,1409.15
Bittrex,STRAT,2017-06-28 05:30:00,0.002653,0.00286,0.0024530000000000003,0.002722,1165.18
Bittrex,STRAT,2017-06-29 05:30:00,0.002722,0.002764,0.00245,0.0026190000000000002,994.76
Bittrex,STRAT,2017-06-30 05:30:00,0.0026190000000000002,0.002748,0.002516,0.002576,895.75
Bittrex,STRAT,2017-07-01 05:30:00,0.002576,0.002612,0.002288,0.0023190000000000003,901.03
Bittrex,STRAT,2017-07-02 05:30:00,0.0023190000000000003,0.00245,0.0022199999999999998,0.002348,982.81
Bittrex,STRAT,2017-07-03 05:30:00,0.002348,0.002391,0.0022649999999999997,0.0023350000000000003,829.13
Bittrex,STRAT,2017-07-04 05:30:00,0.0023350000000000003,0.002529,0.0023,0.002437,783.91
Bittrex,STRAT,2017-07-05 05:30:00,0.002437,0.002463,0.002284,0.0022949999999999997,575.45
Bittrex,STRAT,2017-07-06 05:30:00,0.0022949999999999997,0.00245,0.002251,0.002404,709.56
Bittrex,STRAT,2017-07-07 05:30:00,0.002404,0.002408,0.0019,0.001975,1274.61
Bittrex,STRAT,2017-07-08 05:30:00,0.001975,0.0019760000000000003,0.00165,0.001946,1903.95
Bittrex,STRAT,2017-07-09 05:30:00,0.001946,0.0020350000000000004,0.0016989999999999998,0.001715,895.49
Bittrex,STRAT,2017-07-10 05:30:00,0.001715,0.0017289999999999999,0.001144,0.001296,3084.29
Bittrex,STRAT,2017-07-11 05:30:00,0.001296,0.0016,0.000981,0.0012900000000000001,4015.2
Bittrex,STRAT,2017-07-12 05:30:00,0.0012900000000000001,0.001843,0.00118,0.00182,2639.09
Bittrex,STRAT,2017-07-13 05:30:00,0.00182,0.0018329999999999998,0.00146,0.001573,2204.47
Bittrex,STRAT,2017-07-14 05:30:00,0.001573,0.001573,0.001348,0.0014759999999999999,1277.83
Bittrex,STRAT,2017-07-15 05:30:00,0.0014759999999999999,0.001609,0.001396,0.001598,829.13
Bittrex,STRAT,2017-07-16 05:30:00,0.001598,0.001609,0.00135,0.001495,895.38
Bittrex,STRAT,2017-07-17 05:30:00,0.001495,0.0017760000000000002,0.00148,0.001757,1443.95
Bittrex,STRAT,2017-07-18 05:30:00,0.001757,0.0021,0.0016510000000000001,0.001827,2191.49
Bittrex,STRAT,2017-07-19 05:30:00,0.001827,0.002,0.0016699999999999998,0.001719,1218.58
Bittrex,STRAT,2017-07-20 05:30:00,0.001719,0.001941,0.001702,0.0019,1241.19
Bittrex,STRAT,2017-07-21 05:30:00,0.0019,0.002357,0.0018629999999999999,0.002345,2228.72
Bittrex,STRAT,2017-07-22 05:30:00,0.002345,0.002589,0.0023,0.002391,2596.18
Bittrex,STRAT,2017-07-23 05:30:00,0.002391,0.00246,0.002199,0.002247,1399.14
Bittrex,STRAT,2017-07-24 05:30:00,0.002247,0.0023,0.00205,0.0021030000000000003,1256.0
Bittrex,STRAT,2017-07-25 05:30:00,0.0021030000000000003,0.00215,0.001686,0.001887,2589.54
Bittrex,STRAT,2017-07-26 05:30:00,0.001887,0.002131,0.00186,0.002012,1232.1
Bittrex,STRAT,2017-07-27 05:30:00,0.002012,0.002078,0.001861,0.0018789999999999998,1012.24
Bittrex,STRAT,2017-07-28 05:30:00,0.0018789999999999998,0.0018800000000000002,0.00155,0.0016510000000000001,1589.33
Bittrex,STRAT,2017-07-29 05:30:00,0.0016510000000000001,0.001925,0.0016359999999999999,0.001925,992.21
Bittrex,STRAT,2017-07-30 05:30:00,0.001925,0.001925,0.00175,0.0017620000000000001,673.3
Bittrex,STRAT,2017-07-31 05:30:00,0.0017620000000000001,0.0018449999999999999,0.0016899999999999999,0.001738,756.71
Bittrex,STRAT,2017-08-01 05:30:00,0.001738,0.002209,0.001737,0.002141,1530.8
Bittrex,STRAT,2017-08-02 05:30:00,0.002141,0.002195,0.00201,0.0020629999999999997,1223.19
Bittrex,STRAT,2017-08-03 05:30:00,0.0020629999999999997,0.002194,0.002038,0.00215,1278.64
Bittrex,STRAT,2017-08-04 05:30:00,0.00215,0.00235,0.00209,0.002317,2008.83
Bittrex,STRAT,2017-08-05 05:30:00,0.002317,0.002388,0.002116,0.002173,2889.68
Bittrex,STRAT,2017-08-06 05:30:00,0.002173,0.002288,0.002053,0.002091,1626.4
Bittrex,STRAT,2017-08-07 05:30:00,0.002091,0.002299,0.0020210000000000002,0.002254,2828.13
Bittrex,STRAT,2017-08-08 05:30:00,0.002254,0.00244,0.002182,0.00229,2913.92
Bittrex,STRAT,2017-08-09 05:30:00,0.00229,0.00237,0.002218,0.0022489999999999997,1897.17
Bittrex,STRAT,2017-08-10 05:30:00,0.0022489999999999997,0.002752,0.0021,0.002338,6572.63
Bittrex,STRAT,2017-08-11 05:30:00,0.002338,0.0024230000000000002,0.0020350000000000004,0.0020829999999999998,3467.25
Bittrex,STRAT,2017-08-12 05:30:00,0.0020829999999999998,0.0021449999999999998,0.001648,0.001756,2911.19
Bittrex,STRAT,2017-08-13 05:30:00,0.001756,0.0019260000000000002,0.001507,0.00161,2697.29
Bittrex,STRAT,2017-08-14 05:30:00,0.00161,0.0016829999999999998,0.0012699999999999999,0.001396,2603.33
Bittrex,STRAT,2017-08-15 05:30:00,0.001396,0.0017980000000000001,0.001285,0.00147,3398.13
Bittrex,STRAT,2017-08-16 05:30:00,0.00147,0.00162,0.001367,0.001375,1949.8
Bittrex,STRAT,2017-08-17 05:30:00,0.001375,0.001538,0.00131,0.001431,2034.93
Bittrex,STRAT,2017-08-18 05:30:00,0.0014140000000000001,0.00146,0.00131,0.001363,1367.26
Bittrex,STRAT,2017-08-19 05:30:00,0.001363,0.0013779999999999999,0.0012109999999999998,0.00135,1767.07
Bittrex,STRAT,2017-08-20 05:30:00,0.00135,0.0014789999999999998,0.001318,0.001405,1295.5
Bittrex,STRAT,2017-08-21 05:30:00,0.001405,0.0014210000000000002,0.0013,0.00134,1268.63
Bittrex,STRAT,2017-08-22 05:30:00,0.00134,0.0014,0.00131,0.00139,921.02
Bittrex,STRAT,2017-08-23 05:30:00,0.00139,0.00172,0.001353,0.001431,4803.07
Bittrex,STRAT,2017-08-24 05:30:00,0.001431,0.00156,0.00137,0.001392,1196.55
Bittrex,STRAT,2017-08-25 05:30:00,0.001392,0.0014,0.0013050000000000002,0.001382,768.66
Bittrex,STRAT,2017-08-26 05:30:00,0.001382,0.0014759999999999999,0.001355,0.0014470000000000002,1076.47
Bittrex,STRAT,2017-08-27 05:30:00,0.0014470000000000002,0.0017649999999999999,0.00144,0.001582,2695.68
Bittrex,STRAT,2017-08-28 05:30:00,0.001582,0.00175,0.001523,0.00165,2096.88
Bittrex,STRAT,2017-08-29 05:30:00,0.00165,0.00168,0.001394,0.001506,2199.4
Bittrex,STRAT,2017-08-30 05:30:00,0.001506,0.001611,0.001454,0.00159,1571.77
Bittrex,STRAT,2017-08-31 05:30:00,0.00159,0.0016359999999999999,0.0015,0.001533,1880.16
Bittrex,STRAT,2017-09-01 05:30:00,0.001533,0.0016350000000000002,0.00141,0.00147,2872.48
Bittrex,STRAT,2017-09-02 05:30:00,0.00147,0.001474,0.0013570000000000001,0.00137,1335.86
Bittrex,STRAT,2017-09-03 05:30:00,0.00137,0.00143,0.001338,0.00143,933.48
Bittrex,STRAT,2017-09-04 05:30:00,0.00143,0.001489,0.001257,0.0013449999999999998,1942.29
Bittrex,STRAT,2017-09-05 05:30:00,0.0013449999999999998,0.001411,0.001255,0.001362,1172.38
Bittrex,STRAT,2017-09-06 05:30:00,0.001362,0.0014,0.001341,0.001348,826.69
Bittrex,STRAT,2017-09-07 05:30:00,0.001348,0.0013599999999999999,0.001276,0.001332,910.91
Bittrex,STRAT,2017-09-08 05:30:00,0.001332,0.001394,0.001268,0.0013210000000000001,1289.51
Bittrex,STRAT,2017-09-09 05:30:00,0.0013210000000000001,0.0013390000000000001,0.00128,0.00132,540.57
Bittrex,STRAT,2017-09-10 05:30:00,0.00132,0.001448,0.0013130000000000001,0.001373,1333.15
Bittrex,STRAT,2017-09-11 05:30:00,0.001373,0.0014,0.001303,0.00133,697.13
Bittrex,STRAT,2017-09-12 05:30:00,0.00133,0.001394,0.001276,0.001328,1322.25
Bittrex,STRAT,2017-09-13 05:30:00,0.001328,0.001335,0.00119,0.0012900000000000001,1107.12
Bittrex,STRAT,2017-09-14 05:30:00,0.0012900000000000001,0.001302,0.001109,0.001174,1120.4
Bittrex,STRAT,2017-09-15 05:30:00,0.001174,0.00125,0.0010140000000000001,0.001245,1191.4
Bittrex,STRAT,2017-09-16 05:30:00,0.001245,0.00128,0.001135,0.00118,636.79
Bittrex,STRAT,2017-09-17 05:30:00,0.00118,0.0012439999999999999,0.001153,0.001196,447.12
Bittrex,STRAT,2017-09-18 05:30:00,0.001196,0.001429,0.00116,0.0013130000000000001,1947.54
Bittrex,STRAT,2017-09-19 05:30:00,0.0013130000000000001,0.00135,0.001219,0.0012380000000000002,1322.99
Bittrex,STRAT,2017-09-20 05:30:00,0.0012380000000000002,0.001355,0.001192,0.001219,1271.4
Bittrex,STRAT,2017-09-21 05:30:00,0.001219,0.0012259999999999999,0.0010710000000000001,0.001115,1018.69
Bittrex,STRAT,2017-09-22 05:30:00,0.001115,0.001132,0.001066,0.001084,562.71
Bittrex,STRAT,2017-09-23 05:30:00,0.001084,0.0011359999999999999,0.001078,0.001118,407.61
Bittrex,STRAT,2017-09-24 05:30:00,0.001118,0.001118,0.00107,0.001086,345.47
Bittrex,STRAT,2017-09-25 05:30:00,0.001086,0.00109,0.001025,0.001075,669.57
Bittrex,STRAT,2017-09-26 05:30:00,0.001075,0.001157,0.001059,0.001126,948.67
Bittrex,STRAT,2017-09-27 05:30:00,0.001126,0.001163,0.001098,0.0011300000000000001,978.0
Bittrex,STRAT,2017-09-28 05:30:00,0.0011300000000000001,0.001214,0.001117,0.001139,1144.84
Bittrex,STRAT,2017-09-29 05:30:00,0.001139,0.001164,0.0010539999999999998,0.0010710000000000001,1069.3
Bittrex,STRAT,2017-09-30 05:30:00,0.0010710000000000001,0.00109,0.001018,0.001021,797.75
Bittrex,STRAT,2017-10-01 05:30:00,0.001021,0.00105,0.0009094,0.0009390000000000001,1136.94
Bittrex,STRAT,2017-10-02 05:30:00,0.0009390000000000001,0.00098,0.00085,0.0008851000000000001,1176.99
Bittrex,STRAT,2017-10-03 05:30:00,0.0008851000000000001,0.0009454000000000001,0.0007777999999999999,0.0008806,1787.28
Bittrex,STRAT,2017-10-04 05:30:00,0.0008806,0.0009480000000000001,0.0008315,0.0008607000000000002,1007.74
Bittrex,STRAT,2017-10-05 05:30:00,0.0008607000000000002,0.0008851000000000001,0.0008052,0.0008209,450.68
Bittrex,STRAT,2017-10-06 05:30:00,0.0008209,0.0008849999999999999,0.0008209,0.00084,432.96
Bittrex,STRAT,2017-10-07 05:30:00,0.00084,0.00093,0.00081,0.000872,903.59
Bittrex,STRAT,2017-10-08 05:30:00,0.000872,0.000935,0.0007379999999999999,0.0007631000000000001,1155.16
Bittrex,STRAT,2017-10-09 05:30:00,0.0007631000000000001,0.0008124,0.0006498999999999999,0.0007029,882.81
Bittrex,STRAT,2017-10-10 05:30:00,0.0007029,0.0007417000000000001,0.0006768,0.0007136,549.02
Bittrex,STRAT,2017-10-11 05:30:00,0.0007136,0.0007542000000000001,0.000685,0.0007267,504.0
Bittrex,STRAT,2017-10-12 05:30:00,0.0007267,0.00073,0.0005751,0.0005769999999999999,830.05
Bittrex,STRAT,2017-10-13 05:30:00,0.0005769999999999999,0.0005977,0.000521,0.000552,696.3
Bittrex,STRAT,2017-10-14 05:30:00,0.000552,0.0005547999999999999,0.0004675,0.0004898,583.66
Bittrex,STRAT,2017-10-15 05:30:00,0.0004898,0.000556,0.0004846,0.00053,381.78
Bittrex,STRAT,2017-10-16 05:30:00,0.0005227000000000001,0.0005487000000000001,0.0005,0.0005143,411.48
Bittrex,STRAT,2017-10-17 05:30:00,0.0005143,0.0005495,0.0005005,0.0005457999999999999,386.26
Bittrex,STRAT,2017-10-18 05:30:00,0.0005457999999999999,0.000646,0.0005272,0.0005779,1206.61
Bittrex,STRAT,2017-10-19 05:30:00,0.0005779,0.0006013,0.00053,0.000541,471.54
Bittrex,STRAT,2017-10-20 05:30:00,0.000541,0.0005951000000000001,0.00048300000000000003,0.0004963999999999999,564.01
Bittrex,STRAT,2017-10-21 05:30:00,0.0004963999999999999,0.0005313,0.0004333,0.000504,407.34
Bittrex,STRAT,2017-10-22 05:30:00,0.000504,0.0005845,0.0004806,0.0005263999999999999,731.1
Bittrex,STRAT,2017-10-23 05:30:00,0.0005263999999999999,0.0006707999999999999,0.0005145,0.0005667999999999999,2130.07
Bittrex,STRAT,2017-10-24 05:30:00,0.0005667999999999999,0.0007343,0.0005539,0.000728,1766.97
Bittrex,STRAT,2017-10-25 05:30:00,0.000728,0.0008990000000000001,0.0006939,0.0008616,2965.15
Bittrex,STRAT,2017-10-26 05:30:00,0.0008616,0.0008845000000000001,0.000665,0.00075,3158.82
Bittrex,STRAT,2017-10-27 05:30:00,0.00075,0.0008300000000000001,0.0007049,0.0007699,1349.2
Bittrex,STRAT,2017-10-28 05:30:00,0.0007699,0.00081,0.000726,0.000743,846.21
Bittrex,STRAT,2017-10-29 05:30:00,0.000743,0.000778,0.00063,0.0006600999999999999,1220.43
Bittrex,STRAT,2017-10-30 05:30:00,0.0006600999999999999,0.0007394999999999999,0.0006098,0.0006182000000000001,1230.65
Bittrex,STRAT,2017-10-31 05:30:00,0.0006182000000000001,0.0006244,0.000515,0.0005200000000000001,1146.66
Bittrex,STRAT,2017-11-01 05:30:00,0.0005200000000000001,0.0005344,0.00045069999999999995,0.0004508,746.62
Bittrex,STRAT,2017-11-02 05:30:00,0.0004508,0.00047000000000000004,0.00033510000000000007,0.00040469999999999997,1707.69
Bittrex,STRAT,2017-11-03 05:30:00,0.00040469999999999997,0.0004651,0.0003665,0.0004345,736.6
Bittrex,STRAT,2017-11-04 05:30:00,0.0004345,0.0004548,0.00039139999999999997,0.00040480000000000003,478.77
Bittrex,STRAT,2017-11-05 05:30:00,0.00040480000000000003,0.0004273,0.0003803,0.0004101,358.81
Bittrex,STRAT,2017-11-06 05:30:00,0.0004101,0.0004473,0.0004,0.00043339999999999996,436.77
Bittrex,STRAT,2017-11-07 05:30:00,0.00043339999999999996,0.00043339999999999996,0.00041,0.0004216,206.15
Bittrex,STRAT,2017-11-08 05:30:00,0.0004216,0.000533,0.0003803,0.00047000000000000004,1194.11
Bittrex,STRAT,2017-11-09 05:30:00,0.00047000000000000004,0.0005444,0.00047000000000000004,0.000524,756.93
Bittrex,STRAT,2017-11-10 05:30:00,0.000524,0.00053,0.0004605,0.00048300000000000003,678.94
Bittrex,STRAT,2017-11-11 05:30:00,0.00048300000000000003,0.0005268,0.0004713,0.0005199,405.96
Bittrex,STRAT,2017-11-12 05:30:00,0.0005199,0.000528,0.0004705,0.000488,610.4
Bittrex,STRAT,2017-11-13 05:30:00,0.000488,0.000522,0.00048049999999999997,0.0004968,400.41
Bittrex,STRAT,2017-11-14 05:30:00,0.0004968,0.0005652,0.0004885,0.0005497999999999999,892.1
Bittrex,STRAT,2017-11-15 05:30:00,0.0005497999999999999,0.0005673,0.0004835,0.0005131000000000001,779.75
Bittrex,STRAT,2017-11-16 05:30:00,0.0005131000000000001,0.0005218,0.00040300000000000004,0.00042300000000000004,604.31
Bittrex,STRAT,2017-11-17 05:30:00,0.00042300000000000004,0.0004556,0.0004065,0.0004399,355.85
Bittrex,STRAT,2017-11-18 05:30:00,0.0004399,0.0004569,0.0004277,0.000449,337.46
Bittrex,STRAT,2017-11-19 05:30:00,0.000449,0.00048600000000000005,0.00042,0.0004315,580.62
Bittrex,STRAT,2017-11-20 05:30:00,0.0004315,0.0004447,0.0004149,0.00042219999999999996,330.44
Bittrex,STRAT,2017-11-21 05:30:00,0.00042219999999999996,0.0004678,0.00041449999999999994,0.00042560000000000005,575.92
Bittrex,STRAT,2017-11-22 05:30:00,0.00042560000000000005,0.00045700000000000005,0.00042219999999999996,0.0004524,429.92
Bittrex,STRAT,2017-11-23 05:30:00,0.0004524,0.0005234,0.0004524,0.0004979,1228.02
Bittrex,STRAT,2017-11-24 05:30:00,0.0004979,0.0005269999999999999,0.0004668,0.000519,754.29
Bittrex,STRAT,2017-11-25 05:30:00,0.000519,0.0005688,0.0005139999999999999,0.0005434,1341.22
Bittrex,STRAT,2017-11-26 05:30:00,0.0005434,0.0005525,0.0004738,0.000487,838.96
Bittrex,STRAT,2017-11-27 05:30:00,0.000487,0.000559,0.00047000000000000004,0.000551,1148.84
Bittrex,STRAT,2017-11-28 05:30:00,0.000551,0.00065,0.0005075,0.00065,2235.05
Bittrex,STRAT,2017-11-29 05:30:00,0.00065,0.0006752,0.00048120000000000004,0.00049,2539.05
Bittrex,STRAT,2017-11-30 05:30:00,0.00049,0.0005853,0.0004885,0.00053,1122.91
Bittrex,STRAT,2017-12-01 05:30:00,0.00053,0.0005593999999999999,0.0005112,0.0005194,609.89
Bittrex,STRAT,2017-12-02 05:30:00,0.0005194,0.000556,0.000515,0.0005398,650.91
Bittrex,STRAT,2017-12-03 05:30:00,0.0005398,0.000592,0.0005303,0.0005421,859.36
Bittrex,STRAT,2017-12-04 05:30:00,0.0005421,0.0006498999999999999,0.0005375,0.0006450000000000001,1518.92
Bittrex,STRAT,2017-12-05 05:30:00,0.0006450000000000001,0.0006938,0.0006101,0.0006325,1969.79
Bittrex,STRAT,2017-12-06 05:30:00,0.0006325,0.0006421,0.0005274,0.0005497000000000001,2130.83
Bittrex,STRAT,2017-12-07 05:30:00,0.0005497000000000001,0.0007994,0.000482,0.000515,6350.6
Bittrex,STRAT,2017-12-08 05:30:00,0.000515,0.0006977999999999999,0.00043,0.0005537000000000001,2490.52
Bittrex,STRAT,2017-12-09 05:30:00,0.0005537000000000001,0.0006548999999999999,0.000544,0.0006126,1573.85
Bittrex,STRAT,2017-12-10 05:30:00,0.0006126,0.000687,0.0005187999999999999,0.000599,1914.13
Bittrex,STRAT,2017-12-11 05:30:00,0.000599,0.0006867,0.0005553,0.0006405,2553.52
Bittrex,STRAT,2017-12-12 05:30:00,0.0006405,0.000678,0.0005662000000000001,0.0005857,2056.03
Bittrex,STRAT,2017-12-13 05:30:00,0.0005857,0.0005947,0.000547,0.0005822000000000001,1188.05
Bittrex,STRAT,2017-12-14 05:30:00,0.0005822000000000001,0.000615,0.0005552,0.0005916000000000001,1279.56
Bittrex,STRAT,2017-12-15 05:30:00,0.0005916000000000001,0.0005928,0.00048610000000000005,0.0005603,1179.53
Bittrex,STRAT,2017-12-16 05:30:00,0.0005603,0.0005971,0.0005017,0.0005513,1234.34
Bittrex,STRAT,2017-12-17 05:30:00,0.0005513,0.0006219999999999999,0.000528,0.0005803,1802.33
Bittrex,STRAT,2017-12-18 05:30:00,0.0005803,0.0007705,0.0005731,0.0006657999999999999,4139.19
Bittrex,STRAT,2017-12-19 05:30:00,0.0006657999999999999,0.000726,0.000627,0.0006839,2757.11
Bittrex,STRAT,2017-12-20 05:30:00,0.0006839,0.0007,0.0006161000000000001,0.000682,1760.24
Bittrex,STRAT,2017-12-21 05:30:00,0.000682,0.0008499,0.000677,0.0008287,4060.2
Bittrex,STRAT,2017-12-22 05:30:00,0.0008287,0.0008380000000000001,0.0006467,0.0007281000000000001,2300.51
Bittrex,STRAT,2017-12-23 05:30:00,0.0007281000000000001,0.001046,0.0007070000000000001,0.00093,4005.57
Bittrex,STRAT,2017-12-24 05:30:00,0.00093,0.0011,0.0008673999999999999,0.001036,3770.95
Bittrex,STRAT,2017-12-25 05:30:00,0.001036,0.001185,0.0009765,0.001099,2853.31
Bittrex,STRAT,2017-12-26 05:30:00,0.001099,0.00115,0.0008556000000000001,0.0009449999999999999,2917.67
Bittrex,STRAT,2017-12-27 05:30:00,0.0009449999999999999,0.0009670999999999999,0.0008372999999999999,0.0008882,1543.9
Bittrex,STRAT,2017-12-28 05:30:00,0.0008882,0.001049,0.0008044,0.0009889,2315.32
Bittrex,STRAT,2017-12-29 05:30:00,0.0009889,0.001085,0.0009639,0.001047,1646.34
Bittrex,STRAT,2017-12-30 05:30:00,0.001047,0.001073,0.000975,0.0010019999999999999,1293.51
Bittrex,STRAT,2017-12-31 05:30:00,0.0010019999999999999,0.00105,0.0009657,0.001001,988.52
Bittrex,STRAT,2018-01-01 05:30:00,0.001001,0.001258,0.0009915,0.001161,2980.56
Bittrex,STRAT,2018-01-02 05:30:00,0.001167,0.00121,0.000944,0.001083,2282.52
Bittrex,STRAT,2018-01-03 05:30:00,0.001083,0.001158,0.0009701,0.0011,1766.92
Bittrex,STRAT,2018-01-04 05:30:00,0.0011,0.001192,0.0010220000000000001,0.001052,2026.98
Bittrex,STRAT,2018-01-05 05:30:00,0.001052,0.001082,0.0008619999999999999,0.000886,1812.25
Bittrex,STRAT,2018-01-06 05:30:00,0.000886,0.0010199999999999999,0.00088,0.0009404,1186.99
Bittrex,STRAT,2018-01-07 05:30:00,0.0009404,0.0010810000000000001,0.0009271,0.001045,1130.21
Bittrex,STRAT,2018-01-08 05:30:00,0.001045,0.0014939999999999999,0.001041,0.001475,5007.09
Bittrex,STRAT,2018-01-09 05:30:00,0.001475,0.001478,0.0013039999999999998,0.001335,2005.88
Bittrex,STRAT,2018-01-10 05:30:00,0.001335,0.001381,0.00125,0.00128,1267.46
Bittrex,STRAT,2018-01-11 05:30:00,0.00128,0.0012929999999999999,0.001113,0.0011949999999999999,1404.0
Bittrex,STRAT,2018-01-12 05:30:00,0.0011949999999999999,0.0014470000000000002,0.00118,0.00134,1179.75
Bittrex,STRAT,2018-01-13 05:30:00,0.00134,0.0014470000000000002,0.001281,0.001392,725.21
Bittrex,STRAT,2018-01-14 05:30:00,0.001392,0.001465,0.001307,0.001448,936.96
Bittrex,STRAT,2018-01-15 05:30:00,0.001448,0.001611,0.001397,0.001527,2549.6
Bittrex,STRAT,2018-01-16 05:30:00,0.001527,0.001527,0.00115,0.001314,1976.37
Bittrex,STRAT,2018-01-17 05:30:00,0.001314,0.001356,0.001121,0.001334,1384.56
Bittrex,STRAT,2018-01-18 05:30:00,0.001334,0.001376,0.001257,0.001284,1071.71
Bittrex,STRAT,2018-01-19 05:30:00,0.001284,0.00135,0.001255,0.0012900000000000001,652.95
Bittrex,STRAT,2018-01-20 05:30:00,0.0012900000000000001,0.001338,0.001202,0.001253,799.37
Bittrex,STRAT,2018-01-21 05:30:00,0.001253,0.001267,0.001137,0.001164,672.37
Bittrex,STRAT,2018-01-22 05:30:00,0.001164,0.0012029999999999999,0.00105,0.001084,851.99
Bittrex,STRAT,2018-01-23 05:30:00,0.001084,0.001179,0.00106,0.00115,722.61
Bittrex,STRAT,2018-01-24 05:30:00,0.00115,0.0011539999999999999,0.0010949999999999998,0.001124,416.89
Bittrex,STRAT,2018-01-25 05:30:00,0.001124,0.001144,0.0011,0.0011300000000000001,310.09
Bittrex,STRAT,2018-01-26 05:30:00,0.0011300000000000001,0.00128,0.001073,0.00121,979.17
Bittrex,STRAT,2018-01-27 05:30:00,0.00121,0.001411,0.001199,0.001268,1517.5
Bittrex,STRAT,2018-01-28 05:30:00,0.001268,0.00128,0.0012029999999999999,0.0012289999999999998,587.99
Bittrex,STRAT,2018-01-29 05:30:00,0.0012289999999999998,0.001291,0.0012,0.0012900000000000001,588.84
Bittrex,STRAT,2018-01-30 05:30:00,0.0012900000000000001,0.001296,0.00117,0.001173,644.93
Bittrex,STRAT,2018-01-31 05:30:00,0.001173,0.001273,0.001143,0.001206,635.03
Bittrex,STRAT,2018-02-01 05:30:00,0.001206,0.00126,0.001067,0.001103,621.29
Bittrex,STRAT,2018-02-02 05:30:00,0.001103,0.001103,0.000926,0.0010609999999999999,847.56
Bittrex,STRAT,2018-02-03 05:30:00,0.0010609999999999999,0.00109,0.001011,0.001056,376.7
Bittrex,STRAT,2018-02-04 05:30:00,0.001056,0.001065,0.0009263,0.0009737,575.21
Bittrex,STRAT,2018-02-05 05:30:00,0.0009737,0.0009993,0.0008317999999999999,0.00088,692.19
Bittrex,STRAT,2018-02-06 05:30:00,0.00088,0.0009199999999999999,0.0007765,0.0008795999999999999,718.69
Bittrex,STRAT,2018-02-07 05:30:00,0.0008795999999999999,0.00091,0.0008317999999999999,0.0008447000000000001,422.72
Bittrex,STRAT,2018-02-08 05:30:00,0.0008447000000000001,0.0009062000000000001,0.0008384999999999999,0.0008977999999999999,262.23
Bittrex,STRAT,2018-02-09 05:30:00,0.0008977999999999999,0.000956,0.0008830999999999999,0.0009301,432.07
Bittrex,STRAT,2018-02-10 05:30:00,0.0009301,0.0009628,0.000848,0.0008914,563.32
Bittrex,STRAT,2018-02-11 05:30:00,0.0008914,0.0008982999999999999,0.0008212,0.0008595,332.21
Bittrex,STRAT,2018-02-12 05:30:00,0.0008595,0.0008900000000000001,0.0008380000000000001,0.0008785,263.56
Bittrex,STRAT,2018-02-13 05:30:00,0.0008785,0.0009400000000000001,0.000872,0.0009131,469.57
Bittrex,STRAT,2018-02-14 05:30:00,0.0009131,0.001039,0.0009065,0.0009702,920.51
Bittrex,STRAT,2018-02-15 05:30:00,0.0009702,0.001029,0.0009032,0.000923,378.4
Bittrex,STRAT,2018-02-16 05:30:00,0.000923,0.0009542999999999999,0.0008880000000000001,0.0009199999999999999,246.59
Bittrex,STRAT,2018-02-17 05:30:00,0.0009199999999999999,0.0009426,0.000842,0.0008710000000000001,286.18
Bittrex,STRAT,2018-02-18 05:30:00,0.0008710000000000001,0.000884,0.0008247,0.000863,271.19
Bittrex,STRAT,2018-02-19 05:30:00,0.000863,0.0009039,0.0008407,0.0008742000000000001,343.35
Bittrex,STRAT,2018-02-20 05:30:00,0.0008742000000000001,0.0008900000000000001,0.0007791,0.0007791,377.47
Bittrex,STRAT,2018-02-21 05:30:00,0.0007791,0.000794,0.00073,0.0007587000000000001,384.88
Bittrex,STRAT,2018-02-22 05:30:00,0.0007587000000000001,0.0007665,0.000696,0.000717,247.15
Bittrex,STRAT,2018-02-23 05:30:00,0.000717,0.0007755,0.0006929999999999999,0.0007482999999999999,249.77
Bittrex,STRAT,2018-02-24 05:30:00,0.0007482999999999999,0.0007667999999999999,0.0007,0.0007388,285.21
Bittrex,STRAT,2018-02-25 05:30:00,0.0007388,0.0007700000000000001,0.0007157,0.0007557,192.21
Bittrex,STRAT,2018-02-26 05:30:00,0.0007557,0.0007639999999999999,0.0007141,0.0007332,204.91
Bittrex,STRAT,2018-02-27 05:30:00,0.0007332,0.000745,0.0007157,0.000728,156.89
Bittrex,STRAT,2018-02-28 05:30:00,0.000728,0.000728,0.0006969,0.0007046,164.4
Bittrex,STRAT,2018-03-01 05:30:00,0.0007046,0.0007136,0.0006656,0.0006935,208.39
Bittrex,STRAT,2018-03-02 05:30:00,0.0006935,0.000755,0.0006758,0.000725,343.17
Bittrex,STRAT,2018-03-03 05:30:00,0.000725,0.0007849,0.0007024,0.00072,464.12
Bittrex,STRAT,2018-03-04 05:30:00,0.00072,0.0007488999999999999,0.0007019999999999999,0.0007488999999999999,168.32
Bittrex,STRAT,2018-03-05 05:30:00,0.0007488999999999999,0.0007488999999999999,0.0007001,0.0007053,188.24
Bittrex,STRAT,2018-03-06 05:30:00,0.0007053,0.0007099999999999999,0.0006556,0.0006803,238.89
Bittrex,STRAT,2018-03-07 05:30:00,0.0006803,0.000692,0.0006195,0.0006212,413.07
Bittrex,STRAT,2018-03-08 05:30:00,0.0006212,0.000656,0.0006127999999999999,0.0006188,231.69
Bittrex,STRAT,2018-03-09 05:30:00,0.0006188,0.0006188,0.000579,0.0006129999999999999,338.73
Bittrex,STRAT,2018-03-10 05:30:00,0.0006129999999999999,0.000634,0.000592,0.0006096,130.99
Bittrex,STRAT,2018-03-11 05:30:00,0.0006096,0.0006196000000000001,0.0005875,0.000609,93.41
Bittrex,STRAT,2018-03-12 05:30:00,0.000609,0.00062,0.0005806,0.000595,158.61
Bittrex,STRAT,2018-03-13 05:30:00,0.000595,0.0006007999999999999,0.0005863,0.0005971,14.8
